version 1
nodes
0 "blender_implicit" -1
1 "skate" -1
2 "wheel_1" 1
3 "wheel_2" 1
4 "wheel_3" 1
5 "wheel_4" 1
6 "att_toe" 1
7 "att_ankle" 1
8 "cuff" 1
end
skeleton
time 0
0  0 0 0  0 0 0
1  0.000000 0.000000 0.000000  1.570796 -0.000000 0.000000
2  0.185690 0.059214 -0.000000  -1.570796 -0.000000 0.000000
3  0.061063 0.059214 -0.000000  -1.570796 -0.000000 0.000000
4  -0.063565 0.059214 0.000000  -1.570796 -0.000000 0.000000
5  -0.188193 0.059214 -0.000000  -1.570796 -0.000000 0.000000
6  0.167194 0.160287 0.000000  0.000000 -0.000000 0.000000
7  -0.136095 0.211755 0.000000  0.000000 0.000003 0.000003
8  -0.136095 0.267591 0.000000  -1.570796 -0.000000 -0.000000
end
triangles
no_material
0  0.185690 0.020455 0.118391  0.098018 0.000000 0.995185  1.000000 0.500000 1 1 1.000000
0  0.197235 -0.020455 0.117254  0.098018 0.000000 0.995185  0.968750 1.000000 1 1 1.000000
0  0.197235 0.020455 0.117254  0.098018 0.000000 0.995185  0.968750 0.500000 1 1 1.000000
no_material
0  0.197235 0.020455 0.117254  0.290283 0.000000 0.956941  0.968750 0.500000 1 1 1.000000
0  0.208336 -0.020455 0.113886  0.290283 0.000000 0.956941  0.937500 1.000000 1 1 1.000000
0  0.208336 0.020455 0.113886  0.290283 0.000000 0.956941  0.937500 0.500000 1 1 1.000000
no_material
0  0.208336 0.020455 0.113886  0.471397 0.000000 0.881921  0.937500 0.500000 1 1 1.000000
0  0.218567 -0.020455 0.108418  0.471397 0.000000 0.881921  0.906250 1.000000 1 1 1.000000
0  0.218567 0.020455 0.108418  0.471397 0.000000 0.881921  0.906250 0.500000 1 1 1.000000
no_material
0  0.218567 0.020455 0.108418  0.634392 0.000000 0.773011  0.906250 0.500000 1 1 1.000000
0  0.227535 -0.020455 0.101059  0.634392 0.000000 0.773011  0.875000 1.000000 1 1 1.000000
0  0.227535 0.020455 0.101059  0.634392 0.000000 0.773011  0.875000 0.500000 1 1 1.000000
no_material
0  0.227535 0.020455 0.101059  0.773011 0.000000 0.634393  0.875000 0.500000 1 1 1.000000
0  0.234894 -0.020455 0.092091  0.773011 0.000000 0.634393  0.843750 1.000000 1 1 1.000000
0  0.234894 0.020455 0.092091  0.773011 0.000000 0.634393  0.843750 0.500000 1 1 1.000000
no_material
0  0.234894 0.020455 0.092091  0.881922 -0.000000 0.471396  0.843750 0.500000 1 1 1.000000
0  0.240362 -0.020455 0.081860  0.881922 -0.000000 0.471396  0.812500 1.000000 1 1 1.000000
0  0.240362 0.020455 0.081860  0.881922 -0.000000 0.471396  0.812500 0.500000 1 1 1.000000
no_material
0  0.240362 0.020455 0.081860  0.956940 -0.000000 0.290286  0.812500 0.500000 1 1 1.000000
0  0.243730 -0.020455 0.070759  0.956940 -0.000000 0.290286  0.781250 1.000000 1 1 1.000000
0  0.243730 0.020455 0.070759  0.956940 -0.000000 0.290286  0.781250 0.500000 1 1 1.000000
no_material
0  0.243730 0.020455 0.070759  0.995185 0.000000 0.098017  0.781250 0.500000 1 1 1.000000
0  0.244867 -0.020455 0.059214  0.995185 0.000000 0.098017  0.750000 1.000000 1 1 1.000000
0  0.244867 0.020455 0.059214  0.995185 0.000000 0.098017  0.750000 0.500000 1 1 1.000000
no_material
0  0.244867 0.020455 0.059214  0.995185 -0.000000 -0.098017  0.750000 0.500000 1 1 1.000000
0  0.243730 -0.020455 0.047670  0.995185 -0.000000 -0.098017  0.718750 1.000000 1 1 1.000000
0  0.243730 0.020455 0.047670  0.995185 -0.000000 -0.098017  0.718750 0.500000 1 1 1.000000
no_material
0  0.243730 0.020455 0.047670  0.956940 -0.000000 -0.290285  0.718750 0.500000 1 1 1.000000
0  0.240362 -0.020455 0.036568  0.956940 -0.000000 -0.290285  0.687500 1.000000 1 1 1.000000
0  0.240362 0.020455 0.036568  0.956940 -0.000000 -0.290285  0.687500 0.500000 1 1 1.000000
no_material
0  0.240362 0.020455 0.036568  0.881921 0.000000 -0.471396  0.687500 0.500000 1 1 1.000000
0  0.234894 -0.020455 0.026338  0.881921 0.000000 -0.471396  0.656250 1.000000 1 1 1.000000
0  0.234894 0.020455 0.026338  0.881921 0.000000 -0.471396  0.656250 0.500000 1 1 1.000000
no_material
0  0.234894 0.020455 0.026338  0.773010 0.000000 -0.634394  0.656250 0.500000 1 1 1.000000
0  0.227535 -0.020455 0.017370  0.773010 0.000000 -0.634394  0.625000 1.000000 1 1 1.000000
0  0.227535 0.020455 0.017370  0.773010 0.000000 -0.634394  0.625000 0.500000 1 1 1.000000
no_material
0  0.227535 0.020455 0.017370  0.634393 0.000000 -0.773011  0.625000 0.500000 1 1 1.000000
0  0.218567 -0.020455 0.010011  0.634393 0.000000 -0.773011  0.593750 1.000000 1 1 1.000000
0  0.218567 0.020455 0.010011  0.634393 0.000000 -0.773011  0.593750 0.500000 1 1 1.000000
no_material
0  0.218567 0.020455 0.010011  0.471397 0.000000 -0.881921  0.593750 0.500000 1 1 1.000000
0  0.208336 -0.020455 0.004542  0.471397 0.000000 -0.881921  0.562500 1.000000 1 1 1.000000
0  0.208336 0.020455 0.004542  0.471397 0.000000 -0.881921  0.562500 0.500000 1 1 1.000000
no_material
0  0.208336 0.020455 0.004542  0.290284 0.000000 -0.956940  0.562500 0.500000 1 1 1.000000
0  0.197235 -0.020455 0.001175  0.290284 0.000000 -0.956940  0.531250 1.000000 1 1 1.000000
0  0.197235 0.020455 0.001175  0.290284 0.000000 -0.956940  0.531250 0.500000 1 1 1.000000
no_material
0  0.197235 0.020455 0.001175  0.098017 0.000000 -0.995185  0.531250 0.500000 1 1 1.000000
0  0.185690 -0.020455 0.000038  0.098017 0.000000 -0.995185  0.500000 1.000000 1 1 1.000000
0  0.185690 0.020455 0.000038  0.098017 0.000000 -0.995185  0.500000 0.500000 1 1 1.000000
no_material
0  0.185690 0.020455 0.000038  -0.098017 0.000000 -0.995185  0.500000 0.500000 1 1 1.000000
0  0.174146 -0.020455 0.001175  -0.098017 0.000000 -0.995185  0.468750 1.000000 1 1 1.000000
0  0.174146 0.020455 0.001175  -0.098017 0.000000 -0.995185  0.468750 0.500000 1 1 1.000000
no_material
0  0.174146 0.020455 0.001175  -0.290284 0.000000 -0.956940  0.468750 0.500000 1 1 1.000000
0  0.163044 -0.020455 0.004542  -0.290284 0.000000 -0.956940  0.437500 1.000000 1 1 1.000000
0  0.163044 0.020455 0.004542  -0.290284 0.000000 -0.956940  0.437500 0.500000 1 1 1.000000
no_material
0  0.163044 0.020455 0.004542  -0.471397 0.000000 -0.881921  0.437500 0.500000 1 1 1.000000
0  0.152814 -0.020455 0.010011  -0.471397 0.000000 -0.881921  0.406250 1.000000 1 1 1.000000
0  0.152814 0.020455 0.010011  -0.471397 0.000000 -0.881921  0.406250 0.500000 1 1 1.000000
no_material
0  0.152814 0.020455 0.010011  -0.634393 0.000000 -0.773010  0.406250 0.500000 1 1 1.000000
0  0.143846 -0.020455 0.017370  -0.634393 0.000000 -0.773010  0.375000 1.000000 1 1 1.000000
0  0.143846 0.020455 0.017370  -0.634393 0.000000 -0.773010  0.375000 0.500000 1 1 1.000000
no_material
0  0.143846 0.020455 0.017370  -0.773010 0.000000 -0.634394  0.375000 0.500000 1 1 1.000000
0  0.136487 -0.020455 0.026338  -0.773010 0.000000 -0.634394  0.343750 1.000000 1 1 1.000000
0  0.136487 0.020455 0.026338  -0.773010 0.000000 -0.634394  0.343750 0.500000 1 1 1.000000
no_material
0  0.136487 0.020455 0.026338  -0.881921 0.000000 -0.471396  0.343750 0.500000 1 1 1.000000
0  0.131018 -0.020455 0.036568  -0.881921 0.000000 -0.471396  0.312500 1.000000 1 1 1.000000
0  0.131018 0.020455 0.036568  -0.881921 0.000000 -0.471396  0.312500 0.500000 1 1 1.000000
no_material
0  0.131018 0.020455 0.036568  -0.956940 0.000000 -0.290285  0.312500 0.500000 1 1 1.000000
0  0.127651 -0.020455 0.047670  -0.956940 0.000000 -0.290285  0.281250 1.000000 1 1 1.000000
0  0.127651 0.020455 0.047670  -0.956940 0.000000 -0.290285  0.281250 0.500000 1 1 1.000000
no_material
0  0.127651 0.020455 0.047670  -0.995185 0.000000 -0.098017  0.281250 0.500000 1 1 1.000000
0  0.126514 -0.020455 0.059214  -0.995185 0.000000 -0.098017  0.250000 1.000000 1 1 1.000000
0  0.126514 0.020455 0.059214  -0.995185 0.000000 -0.098017  0.250000 0.500000 1 1 1.000000
no_material
0  0.126514 0.020455 0.059214  -0.995185 0.000000 0.098017  0.250000 0.500000 1 1 1.000000
0  0.127651 -0.020455 0.070759  -0.995185 0.000000 0.098017  0.218750 1.000000 1 1 1.000000
0  0.127651 0.020455 0.070759  -0.995185 0.000000 0.098017  0.218750 0.500000 1 1 1.000000
no_material
0  0.127651 0.020455 0.070759  -0.956940 0.000000 0.290286  0.218750 0.500000 1 1 1.000000
0  0.131018 -0.020455 0.081860  -0.956940 0.000000 0.290286  0.187500 1.000000 1 1 1.000000
0  0.131018 0.020455 0.081860  -0.956940 0.000000 0.290286  0.187500 0.500000 1 1 1.000000
no_material
0  0.131018 0.020455 0.081860  -0.881922 0.000000 0.471396  0.187500 0.500000 1 1 1.000000
0  0.136487 -0.020455 0.092091  -0.881922 0.000000 0.471396  0.156250 1.000000 1 1 1.000000
0  0.136487 0.020455 0.092091  -0.881922 0.000000 0.471396  0.156250 0.500000 1 1 1.000000
no_material
0  0.136487 0.020455 0.092091  -0.773010 0.000000 0.634394  0.156250 0.500000 1 1 1.000000
0  0.143846 -0.020455 0.101059  -0.773010 0.000000 0.634394  0.125000 1.000000 1 1 1.000000
0  0.143846 0.020455 0.101059  -0.773010 0.000000 0.634394  0.125000 0.500000 1 1 1.000000
no_material
0  0.143846 0.020455 0.101059  -0.634394 0.000000 0.773010  0.125000 0.500000 1 1 1.000000
0  0.152814 -0.020455 0.108418  -0.634394 0.000000 0.773010  0.093750 1.000000 1 1 1.000000
0  0.152814 0.020455 0.108418  -0.634394 0.000000 0.773010  0.093750 0.500000 1 1 1.000000
no_material
0  0.152814 0.020455 0.108418  -0.471398 0.000000 0.881920  0.093750 0.500000 1 1 1.000000
0  0.163044 -0.020455 0.113886  -0.471398 0.000000 0.881920  0.062500 1.000000 1 1 1.000000
0  0.163044 0.020455 0.113886  -0.471398 0.000000 0.881920  0.062500 0.500000 1 1 1.000000
no_material
0  0.131018 -0.020455 0.081860  -0.000000 -1.000000 0.000000  0.028269 0.341844 1 1 1.000000
0  0.163044 -0.020455 0.004542  -0.000000 -1.000000 0.000000  0.158156 0.028269 1 1 1.000000
0  0.240362 -0.020455 0.036568  -0.000000 -1.000000 0.000000  0.471731 0.158156 1 1 1.000000
no_material
0  0.163044 0.020455 0.113886  -0.290283 0.000000 0.956941  0.062500 0.500000 1 1 1.000000
0  0.174146 -0.020455 0.117254  -0.290283 0.000000 0.956941  0.031250 1.000000 1 1 1.000000
0  0.174146 0.020455 0.117254  -0.290283 0.000000 0.956941  0.031250 0.500000 1 1 1.000000
no_material
0  0.174146 0.020455 0.117254  -0.098018 0.000000 0.995185  0.031250 0.500000 1 1 1.000000
0  0.185690 -0.020455 0.118391  -0.098018 0.000000 0.995185  0.000000 1.000000 1 1 1.000000
0  0.185690 0.020455 0.118391  -0.098018 0.000000 0.995185  0.000000 0.500000 1 1 1.000000
no_material
0  0.197235 0.020455 0.001175  0.000000 1.000000 -0.000000  0.796822 0.014612 1 1 1.000000
0  0.127651 0.020455 0.047670  0.000000 1.000000 -0.000000  0.514612 0.203178 1 1 1.000000
0  0.174146 0.020455 0.117254  0.000000 1.000000 -0.000000  0.703178 0.485388 1 1 1.000000
no_material
0  -0.227381 -0.072700 0.131078  -0.577350 -0.577351 -0.577351  0.375000 0.000000 1 1 1.000000
0  -0.227381 0.074460 0.372578  -0.577350 0.577351 0.577351  0.625000 0.250000 1 1 1.000000
0  -0.227381 0.074460 0.131078  -0.577336 0.577361 -0.577354  0.375000 0.250000 1 1 1.000000
no_material
0  -0.030642 0.074460 0.131078  0.000000 0.707097 -0.707116  0.375000 0.364369 1 1 1.000000
0  0.202670 0.074460 0.227448  0.691047 0.612391 0.383969  0.625000 0.500000 1 1 1.000000
0  0.202670 0.074460 0.131078  0.577354 0.577348 -0.577348  0.375000 0.500000 1 1 1.000000
no_material
0  0.202670 0.074460 0.131078  0.577354 0.577348 -0.577348  0.375000 0.500000 1 1 1.000000
0  0.202670 -0.072700 0.227448  0.691045 -0.612391 0.383971  0.625000 0.750000 1 1 1.000000
0  0.202670 -0.072700 0.131078  0.577339 -0.577371 -0.577341  0.375000 0.750000 1 1 1.000000
no_material
0  -0.030642 -0.072700 0.131078  0.000000 -0.707109 -0.707105  0.375000 0.885631 1 1 1.000000
0  -0.227381 -0.072700 0.372578  -0.577336 -0.577361 0.577354  0.625000 1.000000 1 1 1.000000
0  -0.227381 -0.072700 0.131078  -0.577350 -0.577351 -0.577351  0.375000 1.000000 1 1 1.000000
no_material
0  -0.030642 0.074460 0.131078  0.000000 0.707097 -0.707116  0.239369 0.500000 1 1 1.000000
0  0.202670 -0.072700 0.131078  0.577339 -0.577371 -0.577341  0.375000 0.750000 1 1 1.000000
0  -0.030642 -0.072700 0.131078  0.000000 -0.707109 -0.707105  0.239369 0.750000 1 1 1.000000
no_material
0  -0.030642 0.074460 0.372578  0.208672 0.650198 0.730547  0.760631 0.500000 1 1 1.000000
0  -0.227381 -0.072700 0.372578  -0.577336 -0.577361 0.577354  0.875000 0.750000 1 1 1.000000
0  -0.030642 -0.072700 0.372578  0.208673 -0.650200 0.730545  0.760631 0.750000 1 1 1.000000
no_material
0  0.202670 0.074460 0.227448  0.691047 0.612391 0.383969  0.625000 0.500000 1 1 1.000000
0  -0.030642 -0.072700 0.372578  0.208673 -0.650200 0.730545  0.760631 0.750000 1 1 1.000000
0  0.202670 -0.072700 0.227448  0.691045 -0.612391 0.383971  0.625000 0.750000 1 1 1.000000
no_material
0  -0.227381 0.074460 0.131078  -0.577336 0.577361 -0.577354  0.125000 0.500000 1 1 1.000000
0  -0.030642 -0.072700 0.131078  0.000000 -0.707109 -0.707105  0.239369 0.750000 1 1 1.000000
0  -0.227381 -0.072700 0.131078  -0.577350 -0.577351 -0.577351  0.125000 0.750000 1 1 1.000000
no_material
0  0.202670 -0.072700 0.131078  0.577339 -0.577371 -0.577341  0.375000 0.750000 1 1 1.000000
0  -0.030642 -0.072700 0.372578  0.208673 -0.650200 0.730545  0.625000 0.885631 1 1 1.000000
0  -0.030642 -0.072700 0.131078  0.000000 -0.707109 -0.707105  0.375000 0.885631 1 1 1.000000
no_material
0  -0.227381 0.074460 0.131078  -0.577336 0.577361 -0.577354  0.375000 0.250000 1 1 1.000000
0  -0.030642 0.074460 0.372578  0.208672 0.650198 0.730547  0.625000 0.364369 1 1 1.000000
0  -0.030642 0.074460 0.131078  0.000000 0.707097 -0.707116  0.375000 0.364369 1 1 1.000000
no_material
0  0.061038 0.020455 0.118391  -0.000001 0.685710 0.727875  1.000000 0.500000 1 1 1.000000
0  0.072583 -0.020455 0.117254  0.142003 -0.685710 0.713888  0.968750 1.000000 1 1 1.000000
0  0.072583 0.020455 0.117254  0.142001 0.685703 0.713896  0.968750 0.500000 1 1 1.000000
no_material
0  0.072583 0.020455 0.117254  0.142001 0.685703 0.713896  0.968750 0.500000 1 1 1.000000
0  0.083684 -0.020455 0.113887  0.278555 -0.685690 0.672485  0.937500 1.000000 1 1 1.000000
0  0.083684 0.020455 0.113887  0.278544 0.685710 0.672470  0.937500 0.500000 1 1 1.000000
no_material
0  0.083684 0.020455 0.113887  0.278544 0.685710 0.672470  0.937500 0.500000 1 1 1.000000
0  0.093915 -0.020455 0.108418  0.404388 -0.685710 0.605204  0.906250 1.000000 1 1 1.000000
0  0.093915 0.020455 0.108418  0.404391 0.685697 0.605217  0.906250 0.500000 1 1 1.000000
no_material
0  0.093915 0.020455 0.108418  0.404391 0.685697 0.605217  0.906250 0.500000 1 1 1.000000
0  0.102882 -0.020455 0.101059  0.514691 -0.685702 0.514689  0.875000 1.000000 1 1 1.000000
0  0.102882 0.020455 0.101059  0.514688 0.685704 0.514691  0.875000 0.500000 1 1 1.000000
no_material
0  0.102882 0.020455 0.101059  0.514688 0.685704 0.514691  0.875000 0.500000 1 1 1.000000
0  0.110242 -0.020455 0.092091  0.605207 -0.685710 0.404384  0.843750 1.000000 1 1 1.000000
0  0.110242 0.020455 0.092091  0.605208 0.685707 0.404388  0.843750 0.500000 1 1 1.000000
no_material
0  0.110242 0.020455 0.092091  0.605208 0.685707 0.404388  0.843750 0.500000 1 1 1.000000
0  0.115710 -0.020455 0.081860  0.672493 -0.685683 0.278554  0.812500 1.000000 1 1 1.000000
0  0.115710 0.020455 0.081860  0.672468 0.685710 0.278547  0.812500 0.500000 1 1 1.000000
no_material
0  0.115710 0.020455 0.081860  0.672468 0.685710 0.278547  0.812500 0.500000 1 1 1.000000
0  0.119078 -0.020455 0.070759  0.713889 -0.685710 0.142000  0.781250 1.000000 1 1 1.000000
0  0.119078 0.020455 0.070759  0.713909 0.685688 0.142007  0.781250 0.500000 1 1 1.000000
no_material
0  0.119078 0.020455 0.070759  0.713909 0.685688 0.142007  0.781250 0.500000 1 1 1.000000
0  0.120215 -0.020455 0.059214  0.727882 -0.685703 -0.000002  0.750000 1.000000 1 1 1.000000
0  0.120215 0.020455 0.059214  0.727875 0.685710 0.000002  0.750000 0.500000 1 1 1.000000
no_material
0  0.120215 0.020455 0.059214  0.727875 0.685710 0.000002  0.750000 0.500000 1 1 1.000000
0  0.119078 -0.020455 0.047670  0.713889 -0.685710 -0.142003  0.718750 1.000000 1 1 1.000000
0  0.119078 0.020455 0.047670  0.713892 0.685707 -0.142000  0.718750 0.500000 1 1 1.000000
no_material
0  0.119078 0.020455 0.047670  0.713892 0.685707 -0.142000  0.718750 0.500000 1 1 1.000000
0  0.115710 -0.020455 0.036568  0.672494 -0.685681 -0.278558  0.687500 1.000000 1 1 1.000000
0  0.115710 0.020455 0.036568  0.672475 0.685704 -0.278546  0.687500 0.500000 1 1 1.000000
no_material
0  0.115710 0.020455 0.036568  0.672475 0.685704 -0.278546  0.687500 0.500000 1 1 1.000000
0  0.110242 -0.020455 0.026338  0.605205 -0.685709 -0.404387  0.656250 1.000000 1 1 1.000000
0  0.110242 0.020455 0.026338  0.605224 0.685688 -0.404396  0.656250 0.500000 1 1 1.000000
no_material
0  0.110242 0.020455 0.026338  0.605224 0.685688 -0.404396  0.656250 0.500000 1 1 1.000000
0  0.102882 -0.020455 0.017370  0.514689 -0.685703 -0.514691  0.625000 1.000000 1 1 1.000000
0  0.102882 0.020455 0.017370  0.514691 0.685704 -0.514688  0.625000 0.500000 1 1 1.000000
no_material
0  0.102882 0.020455 0.017370  0.514691 0.685704 -0.514688  0.625000 0.500000 1 1 1.000000
0  0.093915 -0.020455 0.010011  0.404384 -0.685710 -0.605207  0.593750 1.000000 1 1 1.000000
0  0.093915 0.020455 0.010011  0.404388 0.685707 -0.605207  0.593750 0.500000 1 1 1.000000
no_material
0  0.093915 0.020455 0.010011  0.404388 0.685707 -0.605207  0.593750 0.500000 1 1 1.000000
0  0.083684 -0.020455 0.004542  0.278554 -0.685682 -0.672494  0.562500 1.000000 1 1 1.000000
0  0.083684 0.020455 0.004542  0.278547 0.685710 -0.672468  0.562500 0.500000 1 1 1.000000
no_material
0  0.083684 0.020455 0.004542  0.278547 0.685710 -0.672468  0.562500 0.500000 1 1 1.000000
0  0.072583 -0.020455 0.001175  0.142000 -0.685710 -0.713889  0.531250 1.000000 1 1 1.000000
0  0.072583 0.020455 0.001175  0.142007 0.685689 -0.713908  0.531250 0.500000 1 1 1.000000
no_material
0  0.072583 0.020455 0.001175  0.142007 0.685689 -0.713908  0.531250 0.500000 1 1 1.000000
0  0.061038 -0.020455 0.000038  -0.000002 -0.685707 -0.727878  0.500000 1.000000 1 1 1.000000
0  0.061038 0.020455 0.000038  0.000002 0.685710 -0.727875  0.500000 0.500000 1 1 1.000000
no_material
0  0.061038 0.020455 0.000038  0.000002 0.685710 -0.727875  0.500000 0.500000 1 1 1.000000
0  0.049493 -0.020455 0.001175  -0.142004 -0.685704 -0.713894  0.468750 1.000000 1 1 1.000000
0  0.049493 0.020455 0.001175  -0.142004 0.685689 -0.713908  0.468750 0.500000 1 1 1.000000
no_material
0  0.049493 0.020455 0.001175  -0.142004 0.685689 -0.713908  0.468750 0.500000 1 1 1.000000
0  0.038392 -0.020455 0.004542  -0.278555 -0.685687 -0.672488  0.437500 1.000000 1 1 1.000000
0  0.038392 0.020455 0.004542  -0.278544 0.685710 -0.672469  0.437500 0.500000 1 1 1.000000
no_material
0  0.038392 0.020455 0.004542  -0.278544 0.685710 -0.672469  0.437500 0.500000 1 1 1.000000
0  0.028161 -0.020455 0.010011  -0.404387 -0.685710 -0.605205  0.406250 1.000000 1 1 1.000000
0  0.028161 0.020455 0.010011  -0.404394 0.685691 -0.605222  0.406250 0.500000 1 1 1.000000
no_material
0  0.028161 0.020455 0.010011  -0.404394 0.685691 -0.605222  0.406250 0.500000 1 1 1.000000
0  0.019194 -0.020455 0.017370  -0.514688 -0.685707 -0.514686  0.375000 1.000000 1 1 1.000000
0  0.019194 0.020455 0.017370  -0.514684 0.685710 -0.514686  0.375000 0.500000 1 1 1.000000
no_material
0  0.019194 0.020455 0.017370  -0.514684 0.685710 -0.514686  0.375000 0.500000 1 1 1.000000
0  0.011834 -0.020455 0.026338  -0.605212 -0.685704 -0.404387  0.343750 1.000000 1 1 1.000000
0  0.011834 0.020455 0.026338  -0.605211 0.685703 -0.404391  0.343750 0.500000 1 1 1.000000
no_material
0  0.011834 0.020455 0.026338  -0.605211 0.685703 -0.404391  0.343750 0.500000 1 1 1.000000
0  0.006366 -0.020455 0.036568  -0.672483 -0.685694 -0.278550  0.312500 1.000000 1 1 1.000000
0  0.006366 0.020455 0.036568  -0.672468 0.685710 -0.278548  0.312500 0.500000 1 1 1.000000
no_material
0  0.006366 0.020455 0.036568  -0.672468 0.685710 -0.278548  0.312500 0.500000 1 1 1.000000
0  0.002998 -0.020455 0.047670  -0.713889 -0.685710 -0.141999  0.281250 1.000000 1 1 1.000000
0  0.002998 0.020455 0.047670  -0.713911 0.685686 -0.142007  0.281250 0.500000 1 1 1.000000
no_material
0  0.002998 0.020455 0.047670  -0.713911 0.685686 -0.142007  0.281250 0.500000 1 1 1.000000
0  0.001861 -0.020455 0.059214  -0.727894 -0.685689 0.000002  0.250000 1.000000 1 1 1.000000
0  0.001861 0.020455 0.059214  -0.727875 0.685710 -0.000002  0.250000 0.500000 1 1 1.000000
no_material
0  0.001861 0.020455 0.059214  -0.727875 0.685710 -0.000002  0.250000 0.500000 1 1 1.000000
0  0.002998 -0.020455 0.070759  -0.713888 -0.685710 0.142003  0.218750 1.000000 1 1 1.000000
0  0.002998 0.020455 0.070759  -0.713908 0.685689 0.142003  0.218750 0.500000 1 1 1.000000
no_material
0  0.002998 0.020455 0.070759  -0.713908 0.685689 0.142003  0.218750 0.500000 1 1 1.000000
0  0.006366 -0.020455 0.081860  -0.672485 -0.685691 0.278554  0.187500 1.000000 1 1 1.000000
0  0.006366 0.020455 0.081860  -0.672469 0.685710 0.278544  0.187500 0.500000 1 1 1.000000
no_material
0  0.006366 0.020455 0.081860  -0.672469 0.685710 0.278544  0.187500 0.500000 1 1 1.000000
0  0.011834 -0.020455 0.092091  -0.605205 -0.685710 0.404387  0.156250 1.000000 1 1 1.000000
0  0.011834 0.020455 0.092091  -0.605221 0.685691 0.404394  0.156250 0.500000 1 1 1.000000
no_material
0  0.011834 0.020455 0.092091  -0.605221 0.685691 0.404394  0.156250 0.500000 1 1 1.000000
0  0.019194 -0.020455 0.101059  -0.514686 -0.685707 0.514688  0.125000 1.000000 1 1 1.000000
0  0.019194 0.020455 0.101059  -0.514686 0.685710 0.514684  0.125000 0.500000 1 1 1.000000
no_material
0  0.019194 0.020455 0.101059  -0.514686 0.685710 0.514684  0.125000 0.500000 1 1 1.000000
0  0.028161 -0.020455 0.108418  -0.404387 -0.685704 0.605212  0.093750 1.000000 1 1 1.000000
0  0.028161 0.020455 0.108418  -0.404391 0.685703 0.605210  0.093750 0.500000 1 1 1.000000
no_material
0  0.028161 0.020455 0.108418  -0.404391 0.685703 0.605210  0.093750 0.500000 1 1 1.000000
0  0.038392 -0.020455 0.113887  -0.278551 -0.685688 0.672488  0.062500 1.000000 1 1 1.000000
0  0.038392 0.020455 0.113887  -0.278548 0.685710 0.672468  0.062500 0.500000 1 1 1.000000
no_material
0  0.038392 -0.020455 0.004542  -0.278555 -0.685687 -0.672488  0.158156 0.028269 1 1 1.000000
0  0.115710 -0.020455 0.036568  0.672494 -0.685681 -0.278558  0.471731 0.158156 1 1 1.000000
0  0.083684 -0.020455 0.113887  0.278555 -0.685690 0.672485  0.341844 0.471731 1 1 1.000000
no_material
0  0.038392 0.020455 0.113887  -0.278548 0.685710 0.672468  0.062500 0.500000 1 1 1.000000
0  0.049493 -0.020455 0.117254  -0.142001 -0.685704 0.713895  0.031250 1.000000 1 1 1.000000
0  0.049493 0.020455 0.117254  -0.142009 0.685678 0.713918  0.031250 0.500000 1 1 1.000000
no_material
0  0.049493 0.020455 0.117254  -0.142009 0.685678 0.713918  0.031250 0.500000 1 1 1.000000
0  0.061038 -0.020455 0.118391  0.000001 -0.685707 0.727878  0.000000 1.000000 1 1 1.000000
0  0.061038 0.020455 0.118391  -0.000001 0.685710 0.727875  0.000000 0.500000 1 1 1.000000
no_material
0  0.072583 0.020455 0.001175  0.142007 0.685689 -0.713908  0.796822 0.014612 1 1 1.000000
0  0.002998 0.020455 0.047670  -0.713911 0.685686 -0.142007  0.514612 0.203178 1 1 1.000000
0  0.049493 0.020455 0.117254  -0.142009 0.685678 0.713918  0.703178 0.485388 1 1 1.000000
no_material
0  -0.063402 0.020455 0.118391  -0.000001 0.685710 0.727875  1.000000 0.500000 1 1 1.000000
0  -0.051857 -0.020455 0.117254  0.142003 -0.685710 0.713888  0.968750 1.000000 1 1 1.000000
0  -0.051857 0.020455 0.117254  0.142001 0.685703 0.713896  0.968750 0.500000 1 1 1.000000
no_material
0  -0.051857 0.020455 0.117254  0.142001 0.685703 0.713896  0.968750 0.500000 1 1 1.000000
0  -0.040756 -0.020455 0.113887  0.278562 -0.685669 0.672503  0.937500 1.000000 1 1 1.000000
0  -0.040756 0.020455 0.113887  0.278544 0.685710 0.672470  0.937500 0.500000 1 1 1.000000
no_material
0  -0.040756 0.020455 0.113887  0.278544 0.685710 0.672470  0.937500 0.500000 1 1 1.000000
0  -0.030525 -0.020455 0.108418  0.404391 -0.685704 0.605210  0.906250 1.000000 1 1 1.000000
0  -0.030525 0.020455 0.108418  0.404393 0.685693 0.605220  0.906250 0.500000 1 1 1.000000
no_material
0  -0.030525 0.020455 0.108418  0.404393 0.685693 0.605220  0.906250 0.500000 1 1 1.000000
0  -0.021557 -0.020455 0.101059  0.514688 -0.685707 0.514686  0.875000 1.000000 1 1 1.000000
0  -0.021557 0.020455 0.101059  0.514683 0.685710 0.514687  0.875000 0.500000 1 1 1.000000
no_material
0  -0.021557 0.020455 0.101059  0.514683 0.685710 0.514687  0.875000 0.500000 1 1 1.000000
0  -0.014198 -0.020455 0.092091  0.605207 -0.685710 0.404384  0.843750 1.000000 1 1 1.000000
0  -0.014198 0.020455 0.092091  0.605207 0.685707 0.404388  0.843750 0.500000 1 1 1.000000
no_material
0  -0.014198 0.020455 0.092091  0.605207 0.685707 0.404388  0.843750 0.500000 1 1 1.000000
0  -0.008729 -0.020455 0.081860  0.672486 -0.685690 0.278551  0.812500 1.000000 1 1 1.000000
0  -0.008729 0.020455 0.081860  0.672474 0.685704 0.278549  0.812500 0.500000 1 1 1.000000
no_material
0  -0.008729 0.020455 0.081860  0.672474 0.685704 0.278549  0.812500 0.500000 1 1 1.000000
0  -0.005362 -0.020455 0.070759  0.713889 -0.685710 0.142000  0.781250 1.000000 1 1 1.000000
0  -0.005362 0.020455 0.070759  0.713902 0.685695 0.142005  0.781250 0.500000 1 1 1.000000
no_material
0  -0.005362 0.020455 0.070759  0.713902 0.685695 0.142005  0.781250 0.500000 1 1 1.000000
0  -0.004225 -0.020455 0.059214  0.727894 -0.685690 -0.000002  0.750000 1.000000 1 1 1.000000
0  -0.004225 0.020455 0.059214  0.727880 0.685704 0.000002  0.750000 0.500000 1 1 1.000000
no_material
0  -0.004225 0.020455 0.059214  0.727880 0.685704 0.000002  0.750000 0.500000 1 1 1.000000
0  -0.005362 -0.020455 0.047670  0.713889 -0.685710 -0.142002  0.718750 1.000000 1 1 1.000000
0  -0.005362 0.020455 0.047670  0.713892 0.685707 -0.142000  0.718750 0.500000 1 1 1.000000
no_material
0  -0.005362 0.020455 0.047670  0.713892 0.685707 -0.142000  0.718750 0.500000 1 1 1.000000
0  -0.008729 -0.020455 0.036568  0.672464 -0.685714 -0.278545  0.687500 1.000000 1 1 1.000000
0  -0.008729 0.020455 0.036568  0.672469 0.685710 -0.278545  0.687500 0.500000 1 1 1.000000
no_material
0  -0.008729 0.020455 0.036568  0.672469 0.685710 -0.278545  0.687500 0.500000 1 1 1.000000
0  -0.014198 -0.020455 0.026338  0.605205 -0.685710 -0.404387  0.656250 1.000000 1 1 1.000000
0  -0.014198 0.020455 0.026338  0.605227 0.685685 -0.404398  0.656250 0.500000 1 1 1.000000
no_material
0  -0.014198 0.020455 0.026338  0.605227 0.685685 -0.404398  0.656250 0.500000 1 1 1.000000
0  -0.021557 -0.020455 0.017370  0.514698 -0.685689 -0.514700  0.625000 1.000000 1 1 1.000000
0  -0.021557 0.020455 0.017370  0.514691 0.685704 -0.514688  0.625000 0.500000 1 1 1.000000
no_material
0  -0.021557 0.020455 0.017370  0.514691 0.685704 -0.514688  0.625000 0.500000 1 1 1.000000
0  -0.030525 -0.020455 0.010011  0.404384 -0.685710 -0.605207  0.593750 1.000000 1 1 1.000000
0  -0.030525 0.020455 0.010011  0.404388 0.685707 -0.605207  0.593750 0.500000 1 1 1.000000
no_material
0  -0.030525 0.020455 0.010011  0.404388 0.685707 -0.605207  0.593750 0.500000 1 1 1.000000
0  -0.040756 -0.020455 0.004542  0.278551 -0.685690 -0.672487  0.562500 1.000000 1 1 1.000000
0  -0.040756 0.020455 0.004542  0.278547 0.685710 -0.672468  0.562500 0.500000 1 1 1.000000
no_material
0  -0.040756 0.020455 0.004542  0.278547 0.685710 -0.672468  0.562500 0.500000 1 1 1.000000
0  -0.051857 -0.020455 0.001175  0.142000 -0.685710 -0.713889  0.531250 1.000000 1 1 1.000000
0  -0.051857 0.020455 0.001175  0.142010 0.685670 -0.713925  0.531250 0.500000 1 1 1.000000
no_material
0  -0.051857 0.020455 0.001175  0.142010 0.685670 -0.713925  0.531250 0.500000 1 1 1.000000
0  -0.063402 -0.020455 0.000038  -0.000002 -0.685707 -0.727878  0.500000 1.000000 1 1 1.000000
0  -0.063402 0.020455 0.000038  0.000002 0.685710 -0.727875  0.500000 0.500000 1 1 1.000000
no_material
0  -0.063402 0.020455 0.000038  0.000002 0.685710 -0.727875  0.500000 0.500000 1 1 1.000000
0  -0.074946 -0.020455 0.001175  -0.142004 -0.685704 -0.713894  0.468750 1.000000 1 1 1.000000
0  -0.074946 0.020455 0.001175  -0.142001 0.685703 -0.713896  0.468750 0.500000 1 1 1.000000
no_material
0  -0.074946 0.020455 0.001175  -0.142001 0.685703 -0.713896  0.468750 0.500000 1 1 1.000000
0  -0.086048 -0.020455 0.004542  -0.278555 -0.685689 -0.672487  0.437500 1.000000 1 1 1.000000
0  -0.086048 0.020455 0.004542  -0.278544 0.685710 -0.672469  0.437500 0.500000 1 1 1.000000
no_material
0  -0.086048 0.020455 0.004542  -0.278544 0.685710 -0.672469  0.437500 0.500000 1 1 1.000000
0  -0.096278 -0.020455 0.010011  -0.404387 -0.685710 -0.605205  0.406250 1.000000 1 1 1.000000
0  -0.096278 0.020455 0.010011  -0.404391 0.685697 -0.605217  0.406250 0.500000 1 1 1.000000
no_material
0  -0.096278 0.020455 0.010011  -0.404391 0.685697 -0.605217  0.406250 0.500000 1 1 1.000000
0  -0.105246 -0.020455 0.017370  -0.514700 -0.685690 -0.514698  0.375000 1.000000 1 1 1.000000
0  -0.105246 0.020455 0.017370  -0.514688 0.685704 -0.514691  0.375000 0.500000 1 1 1.000000
no_material
0  -0.105246 0.020455 0.017370  -0.514688 0.685704 -0.514691  0.375000 0.500000 1 1 1.000000
0  -0.112605 -0.020455 0.026338  -0.605207 -0.685710 -0.404385  0.343750 1.000000 1 1 1.000000
0  -0.112605 0.020455 0.026338  -0.605207 0.685707 -0.404389  0.343750 0.500000 1 1 1.000000
no_material
0  -0.112605 0.020455 0.026338  -0.605207 0.685707 -0.404389  0.343750 0.500000 1 1 1.000000
0  -0.118074 -0.020455 0.036568  -0.672484 -0.685694 -0.278550  0.312500 1.000000 1 1 1.000000
0  -0.118074 0.020455 0.036568  -0.672468 0.685710 -0.278548  0.312500 0.500000 1 1 1.000000
no_material
0  -0.118074 0.020455 0.036568  -0.672468 0.685710 -0.278548  0.312500 0.500000 1 1 1.000000
0  -0.121441 -0.020455 0.047670  -0.713895 -0.685704 -0.142001  0.281250 1.000000 1 1 1.000000
0  -0.121441 0.020455 0.047670  -0.713897 0.685701 -0.142005  0.281250 0.500000 1 1 1.000000
no_material
0  -0.121441 0.020455 0.047670  -0.713897 0.685701 -0.142005  0.281250 0.500000 1 1 1.000000
0  -0.122578 -0.020455 0.059214  -0.727878 -0.685707 0.000002  0.250000 1.000000 1 1 1.000000
0  -0.122578 0.020455 0.059214  -0.727875 0.685710 -0.000002  0.250000 0.500000 1 1 1.000000
no_material
0  -0.122578 0.020455 0.059214  -0.727875 0.685710 -0.000002  0.250000 0.500000 1 1 1.000000
0  -0.121441 -0.020455 0.070759  -0.713888 -0.685711 0.142003  0.218750 1.000000 1 1 1.000000
0  -0.121441 0.020455 0.070759  -0.713908 0.685689 0.142004  0.218750 0.500000 1 1 1.000000
no_material
0  -0.121441 0.020455 0.070759  -0.713908 0.685689 0.142004  0.218750 0.500000 1 1 1.000000
0  -0.118074 -0.020455 0.081860  -0.672481 -0.685695 0.278552  0.187500 1.000000 1 1 1.000000
0  -0.118074 0.020455 0.081860  -0.672469 0.685710 0.278544  0.187500 0.500000 1 1 1.000000
no_material
0  -0.118074 0.020455 0.081860  -0.672469 0.685710 0.278544  0.187500 0.500000 1 1 1.000000
0  -0.112605 -0.020455 0.092091  -0.605205 -0.685710 0.404387  0.156250 1.000000 1 1 1.000000
0  -0.112605 0.020455 0.092091  -0.605219 0.685694 0.404393  0.156250 0.500000 1 1 1.000000
no_material
0  -0.112605 0.020455 0.092091  -0.605219 0.685694 0.404393  0.156250 0.500000 1 1 1.000000
0  -0.105246 -0.020455 0.101059  -0.514698 -0.685689 0.514700  0.125000 1.000000 1 1 1.000000
0  -0.105246 0.020455 0.101059  -0.514690 0.685704 0.514689  0.125000 0.500000 1 1 1.000000
no_material
0  -0.105246 0.020455 0.101059  -0.514690 0.685704 0.514689  0.125000 0.500000 1 1 1.000000
0  -0.096278 -0.020455 0.108418  -0.404384 -0.685710 0.605207  0.093750 1.000000 1 1 1.000000
0  -0.096278 0.020455 0.108418  -0.404389 0.685707 0.605207  0.093750 0.500000 1 1 1.000000
no_material
0  -0.096278 0.020455 0.108418  -0.404389 0.685707 0.605207  0.093750 0.500000 1 1 1.000000
0  -0.086048 -0.020455 0.113887  -0.278550 -0.685694 0.672484  0.062500 1.000000 1 1 1.000000
0  -0.086048 0.020455 0.113887  -0.278548 0.685710 0.672468  0.062500 0.500000 1 1 1.000000
no_material
0  -0.118074 -0.020455 0.081860  -0.672481 -0.685695 0.278552  0.028269 0.341844 1 1 1.000000
0  -0.086048 -0.020455 0.004542  -0.278555 -0.685689 -0.672487  0.158156 0.028269 1 1 1.000000
0  -0.008729 -0.020455 0.036568  0.672464 -0.685714 -0.278545  0.471731 0.158156 1 1 1.000000
no_material
0  -0.086048 0.020455 0.113887  -0.278548 0.685710 0.672468  0.062500 0.500000 1 1 1.000000
0  -0.074946 -0.020455 0.117254  -0.142001 -0.685704 0.713895  0.031250 1.000000 1 1 1.000000
0  -0.074946 0.020455 0.117254  -0.142011 0.685664 0.713931  0.031250 0.500000 1 1 1.000000
no_material
0  -0.074946 0.020455 0.117254  -0.142011 0.685664 0.713931  0.031250 0.500000 1 1 1.000000
0  -0.063402 -0.020455 0.118391  0.000001 -0.685707 0.727878  0.000000 1.000000 1 1 1.000000
0  -0.063402 0.020455 0.118391  -0.000001 0.685710 0.727875  0.000000 0.500000 1 1 1.000000
no_material
0  -0.096278 0.020455 0.010011  -0.404391 0.685697 -0.605217  0.616663 0.050447 1 1 1.000000
0  -0.121441 0.020455 0.047670  -0.713897 0.685701 -0.142005  0.514612 0.203178 1 1 1.000000
0  -0.074946 0.020455 0.117254  -0.142011 0.685664 0.713931  0.703178 0.485388 1 1 1.000000
no_material
0  -0.188497 0.020455 0.118391  -0.000001 0.685710 0.727875  1.000000 0.500000 1 1 1.000000
0  -0.176952 -0.020455 0.117254  0.142003 -0.685710 0.713889  0.968750 1.000000 1 1 1.000000
0  -0.176952 0.020455 0.117254  0.142001 0.685703 0.713896  0.968750 0.500000 1 1 1.000000
no_material
0  -0.176952 0.020455 0.117254  0.142001 0.685703 0.713896  0.968750 0.500000 1 1 1.000000
0  -0.165851 -0.020455 0.113887  0.278557 -0.685686 0.672489  0.937500 1.000000 1 1 1.000000
0  -0.165851 0.020455 0.113887  0.278544 0.685710 0.672469  0.937500 0.500000 1 1 1.000000
no_material
0  -0.165851 0.020455 0.113887  0.278544 0.685710 0.672469  0.937500 0.500000 1 1 1.000000
0  -0.155620 -0.020455 0.108418  0.404391 -0.685704 0.605210  0.906250 1.000000 1 1 1.000000
0  -0.155620 0.020455 0.108418  0.404397 0.685686 0.605225  0.906250 0.500000 1 1 1.000000
no_material
0  -0.155620 0.020455 0.108418  0.404397 0.685686 0.605225  0.906250 0.500000 1 1 1.000000
0  -0.146653 -0.020455 0.101059  0.514688 -0.685707 0.514686  0.875000 1.000000 1 1 1.000000
0  -0.146653 0.020455 0.101059  0.514688 0.685704 0.514691  0.875000 0.500000 1 1 1.000000
no_material
0  -0.146653 0.020455 0.101059  0.514688 0.685704 0.514691  0.875000 0.500000 1 1 1.000000
0  -0.139294 -0.020455 0.092091  0.605206 -0.685710 0.404384  0.843750 1.000000 1 1 1.000000
0  -0.139294 0.020455 0.092091  0.605207 0.685707 0.404388  0.843750 0.500000 1 1 1.000000
no_material
0  -0.139294 0.020455 0.092091  0.605207 0.685707 0.404388  0.843750 0.500000 1 1 1.000000
0  -0.133825 -0.020455 0.081860  0.672487 -0.685690 0.278551  0.812500 1.000000 1 1 1.000000
0  -0.133825 0.020455 0.081860  0.672468 0.685710 0.278547  0.812500 0.500000 1 1 1.000000
no_material
0  -0.133825 0.020455 0.081860  0.672468 0.685710 0.278547  0.812500 0.500000 1 1 1.000000
0  -0.130458 -0.020455 0.070759  0.713889 -0.685710 0.141999  0.781250 1.000000 1 1 1.000000
0  -0.130458 0.020455 0.070759  0.713915 0.685682 0.142007  0.781250 0.500000 1 1 1.000000
no_material
0  -0.130458 0.020455 0.070759  0.713915 0.685682 0.142007  0.781250 0.500000 1 1 1.000000
0  -0.129321 -0.020455 0.059214  0.727894 -0.685690 -0.000002  0.750000 1.000000 1 1 1.000000
0  -0.129321 0.020455 0.059214  0.727881 0.685704 0.000002  0.750000 0.500000 1 1 1.000000
no_material
0  -0.129321 0.020455 0.059214  0.727881 0.685704 0.000002  0.750000 0.500000 1 1 1.000000
0  -0.130458 -0.020455 0.047670  0.713889 -0.685710 -0.142002  0.718750 1.000000 1 1 1.000000
0  -0.130458 0.020455 0.047670  0.713892 0.685707 -0.142000  0.718750 0.500000 1 1 1.000000
no_material
0  -0.130458 0.020455 0.047670  0.713892 0.685707 -0.142000  0.718750 0.500000 1 1 1.000000
0  -0.133825 -0.020455 0.036568  0.672474 -0.685703 -0.278550  0.687500 1.000000 1 1 1.000000
0  -0.133825 0.020455 0.036568  0.672470 0.685709 -0.278545  0.687500 0.500000 1 1 1.000000
no_material
0  -0.133825 0.020455 0.036568  0.672470 0.685709 -0.278545  0.687500 0.500000 1 1 1.000000
0  -0.139294 -0.020455 0.026338  0.605205 -0.685709 -0.404388  0.656250 1.000000 1 1 1.000000
0  -0.139294 0.020455 0.026338  0.605226 0.685685 -0.404398  0.656250 0.500000 1 1 1.000000
no_material
0  -0.139294 0.020455 0.026338  0.605226 0.685685 -0.404398  0.656250 0.500000 1 1 1.000000
0  -0.146653 -0.020455 0.017370  0.514698 -0.685690 -0.514700  0.625000 1.000000 1 1 1.000000
0  -0.146653 0.020455 0.017370  0.514691 0.685704 -0.514688  0.625000 0.500000 1 1 1.000000
no_material
0  -0.146653 0.020455 0.017370  0.514691 0.685704 -0.514688  0.625000 0.500000 1 1 1.000000
0  -0.155620 -0.020455 0.010011  0.404384 -0.685710 -0.605207  0.593750 1.000000 1 1 1.000000
0  -0.155620 0.020455 0.010011  0.404389 0.685707 -0.605207  0.593750 0.500000 1 1 1.000000
no_material
0  -0.155620 0.020455 0.010011  0.404389 0.685707 -0.605207  0.593750 0.500000 1 1 1.000000
0  -0.165851 -0.020455 0.004542  0.278551 -0.685691 -0.672486  0.562500 1.000000 1 1 1.000000
0  -0.165851 0.020455 0.004542  0.278547 0.685710 -0.672468  0.562500 0.500000 1 1 1.000000
no_material
0  -0.165851 0.020455 0.004542  0.278547 0.685710 -0.672468  0.562500 0.500000 1 1 1.000000
0  -0.176952 -0.020455 0.001175  0.141999 -0.685710 -0.713890  0.531250 1.000000 1 1 1.000000
0  -0.176952 0.020455 0.001175  0.142008 0.685684 -0.713913  0.531250 0.500000 1 1 1.000000
no_material
0  -0.176952 0.020455 0.001175  0.142008 0.685684 -0.713913  0.531250 0.500000 1 1 1.000000
0  -0.188497 -0.020455 0.000038  -0.000002 -0.685707 -0.727877  0.500000 1.000000 1 1 1.000000
0  -0.188497 0.020455 0.000038  0.000002 0.685710 -0.727875  0.500000 0.500000 1 1 1.000000
no_material
0  -0.188497 0.020455 0.000038  0.000002 0.685710 -0.727875  0.500000 0.500000 1 1 1.000000
0  -0.200042 -0.020455 0.001175  -0.142004 -0.685704 -0.713895  0.468750 1.000000 1 1 1.000000
0  -0.200042 0.020455 0.001175  -0.142001 0.685703 -0.713896  0.468750 0.500000 1 1 1.000000
no_material
0  -0.200042 0.020455 0.001175  -0.142001 0.685703 -0.713896  0.468750 0.500000 1 1 1.000000
0  -0.211143 -0.020455 0.004542  -0.278557 -0.685684 -0.672491  0.437500 1.000000 1 1 1.000000
0  -0.211143 0.020455 0.004542  -0.278544 0.685710 -0.672469  0.437500 0.500000 1 1 1.000000
no_material
0  -0.211143 0.020455 0.004542  -0.278544 0.685710 -0.672469  0.437500 0.500000 1 1 1.000000
0  -0.221374 -0.020455 0.010011  -0.404391 -0.685704 -0.605210  0.406250 1.000000 1 1 1.000000
0  -0.221374 0.020455 0.010011  -0.404391 0.685697 -0.605217  0.406250 0.500000 1 1 1.000000
no_material
0  -0.221374 0.020455 0.010011  -0.404391 0.685697 -0.605217  0.406250 0.500000 1 1 1.000000
0  -0.230341 -0.020455 0.017370  -0.514688 -0.685707 -0.514686  0.375000 1.000000 1 1 1.000000
0  -0.230341 0.020455 0.017370  -0.514688 0.685704 -0.514691  0.375000 0.500000 1 1 1.000000
no_material
0  -0.230341 0.020455 0.017370  -0.514688 0.685704 -0.514691  0.375000 0.500000 1 1 1.000000
0  -0.237701 -0.020455 0.026338  -0.605207 -0.685710 -0.404385  0.343750 1.000000 1 1 1.000000
0  -0.237701 0.020455 0.026338  -0.605207 0.685707 -0.404389  0.343750 0.500000 1 1 1.000000
no_material
0  -0.237701 0.020455 0.026338  -0.605207 0.685707 -0.404389  0.343750 0.500000 1 1 1.000000
0  -0.243169 -0.020455 0.036568  -0.672482 -0.685695 -0.278549  0.312500 1.000000 1 1 1.000000
0  -0.243169 0.020455 0.036568  -0.672468 0.685710 -0.278548  0.312500 0.500000 1 1 1.000000
no_material
0  -0.243169 0.020455 0.036568  -0.672468 0.685710 -0.278548  0.312500 0.500000 1 1 1.000000
0  -0.246537 -0.020455 0.047670  -0.713895 -0.685704 -0.142001  0.281250 1.000000 1 1 1.000000
0  -0.246537 0.020455 0.047670  -0.713897 0.685701 -0.142005  0.281250 0.500000 1 1 1.000000
no_material
0  -0.246537 0.020455 0.047670  -0.713897 0.685701 -0.142005  0.281250 0.500000 1 1 1.000000
0  -0.247674 -0.020455 0.059214  -0.727878 -0.685707 0.000002  0.250000 1.000000 1 1 1.000000
0  -0.247674 0.020455 0.059214  -0.727875 0.685710 -0.000002  0.250000 0.500000 1 1 1.000000
no_material
0  -0.247674 0.020455 0.059214  -0.727875 0.685710 -0.000002  0.250000 0.500000 1 1 1.000000
0  -0.246537 -0.020455 0.070759  -0.713888 -0.685711 0.142003  0.218750 1.000000 1 1 1.000000
0  -0.246537 0.020455 0.070759  -0.713908 0.685689 0.142004  0.218750 0.500000 1 1 1.000000
no_material
0  -0.246537 0.020455 0.070759  -0.713908 0.685689 0.142004  0.218750 0.500000 1 1 1.000000
0  -0.243169 -0.020455 0.081860  -0.672493 -0.685681 0.278558  0.187500 1.000000 1 1 1.000000
0  -0.243169 0.020455 0.081860  -0.672469 0.685710 0.278544  0.187500 0.500000 1 1 1.000000
no_material
0  -0.243169 0.020455 0.081860  -0.672469 0.685710 0.278544  0.187500 0.500000 1 1 1.000000
0  -0.237701 -0.020455 0.092091  -0.605205 -0.685710 0.404387  0.156250 1.000000 1 1 1.000000
0  -0.237701 0.020455 0.092091  -0.605219 0.685694 0.404393  0.156250 0.500000 1 1 1.000000
no_material
0  -0.237701 0.020455 0.092091  -0.605219 0.685694 0.404393  0.156250 0.500000 1 1 1.000000
0  -0.230341 -0.020455 0.101059  -0.514686 -0.685707 0.514689  0.125000 1.000000 1 1 1.000000
0  -0.230341 0.020455 0.101059  -0.514690 0.685704 0.514689  0.125000 0.500000 1 1 1.000000
no_material
0  -0.230341 0.020455 0.101059  -0.514690 0.685704 0.514689  0.125000 0.500000 1 1 1.000000
0  -0.221374 -0.020455 0.108418  -0.404388 -0.685704 0.605212  0.093750 1.000000 1 1 1.000000
0  -0.221374 0.020455 0.108418  -0.404389 0.685707 0.605207  0.093750 0.500000 1 1 1.000000
no_material
0  -0.221374 0.020455 0.108418  -0.404389 0.685707 0.605207  0.093750 0.500000 1 1 1.000000
0  -0.211143 -0.020455 0.113887  -0.278550 -0.685694 0.672484  0.062500 1.000000 1 1 1.000000
0  -0.211143 0.020455 0.113887  -0.278548 0.685710 0.672468  0.062500 0.500000 1 1 1.000000
no_material
0  -0.211143 -0.020455 0.004542  -0.278557 -0.685684 -0.672491  0.158156 0.028269 1 1 1.000000
0  -0.133825 -0.020455 0.036568  0.672474 -0.685703 -0.278550  0.471731 0.158156 1 1 1.000000
0  -0.165851 -0.020455 0.113887  0.278557 -0.685686 0.672489  0.341844 0.471731 1 1 1.000000
no_material
0  -0.211143 0.020455 0.113887  -0.278548 0.685710 0.672468  0.062500 0.500000 1 1 1.000000
0  -0.200042 -0.020455 0.117254  -0.142000 -0.685710 0.713889  0.031250 1.000000 1 1 1.000000
0  -0.200042 0.020455 0.117254  -0.142010 0.685671 0.713925  0.031250 0.500000 1 1 1.000000
no_material
0  -0.200042 0.020455 0.117254  -0.142010 0.685671 0.713925  0.031250 0.500000 1 1 1.000000
0  -0.188497 -0.020455 0.118391  0.000001 -0.685689 0.727894  0.000000 1.000000 1 1 1.000000
0  -0.188497 0.020455 0.118391  -0.000001 0.685710 0.727875  0.000000 0.500000 1 1 1.000000
no_material
0  -0.200042 0.020455 0.117254  -0.142010 0.685671 0.713925  0.703178 0.485388 1 1 1.000000
0  -0.130458 0.020455 0.070759  0.713915 0.685682 0.142007  0.985388 0.296822 1 1 1.000000
0  -0.176952 0.020455 0.001175  0.142008 0.685684 -0.713913  0.796822 0.014612 1 1 1.000000
no_material
0  0.185690 0.020455 0.118391  0.098018 0.000000 0.995185  1.000000 0.500000 1 1 1.000000
0  0.185690 -0.020455 0.118391  0.098018 0.000000 0.995185  1.000000 1.000000 1 1 1.000000
0  0.197235 -0.020455 0.117254  0.098018 0.000000 0.995185  0.968750 1.000000 1 1 1.000000
no_material
0  0.197235 0.020455 0.117254  0.290283 0.000000 0.956941  0.968750 0.500000 1 1 1.000000
0  0.197235 -0.020455 0.117254  0.290283 0.000000 0.956941  0.968750 1.000000 1 1 1.000000
0  0.208336 -0.020455 0.113886  0.290283 0.000000 0.956941  0.937500 1.000000 1 1 1.000000
no_material
0  0.208336 0.020455 0.113886  0.471398 0.000000 0.881921  0.937500 0.500000 1 1 1.000000
0  0.208336 -0.020455 0.113886  0.471398 0.000000 0.881921  0.937500 1.000000 1 1 1.000000
0  0.218567 -0.020455 0.108418  0.471398 0.000000 0.881921  0.906250 1.000000 1 1 1.000000
no_material
0  0.218567 0.020455 0.108418  0.634394 0.000000 0.773010  0.906250 0.500000 1 1 1.000000
0  0.218567 -0.020455 0.108418  0.634394 0.000000 0.773010  0.906250 1.000000 1 1 1.000000
0  0.227535 -0.020455 0.101059  0.634394 0.000000 0.773010  0.875000 1.000000 1 1 1.000000
no_material
0  0.227535 0.020455 0.101059  0.773010 0.000000 0.634393  0.875000 0.500000 1 1 1.000000
0  0.227535 -0.020455 0.101059  0.773010 0.000000 0.634393  0.875000 1.000000 1 1 1.000000
0  0.234894 -0.020455 0.092091  0.773010 0.000000 0.634393  0.843750 1.000000 1 1 1.000000
no_material
0  0.234894 0.020455 0.092091  0.881922 0.000000 0.471396  0.843750 0.500000 1 1 1.000000
0  0.234894 -0.020455 0.092091  0.881922 0.000000 0.471396  0.843750 1.000000 1 1 1.000000
0  0.240362 -0.020455 0.081860  0.881922 0.000000 0.471396  0.812500 1.000000 1 1 1.000000
no_material
0  0.240362 0.020455 0.081860  0.956940 0.000000 0.290285  0.812500 0.500000 1 1 1.000000
0  0.240362 -0.020455 0.081860  0.956940 0.000000 0.290285  0.812500 1.000000 1 1 1.000000
0  0.243730 -0.020455 0.070759  0.956940 0.000000 0.290285  0.781250 1.000000 1 1 1.000000
no_material
0  0.243730 0.020455 0.070759  0.995185 0.000000 0.098017  0.781250 0.500000 1 1 1.000000
0  0.243730 -0.020455 0.070759  0.995185 0.000000 0.098017  0.781250 1.000000 1 1 1.000000
0  0.244867 -0.020455 0.059214  0.995185 0.000000 0.098017  0.750000 1.000000 1 1 1.000000
no_material
0  0.244867 0.020455 0.059214  0.995185 0.000000 -0.098017  0.750000 0.500000 1 1 1.000000
0  0.244867 -0.020455 0.059214  0.995185 0.000000 -0.098017  0.750000 1.000000 1 1 1.000000
0  0.243730 -0.020455 0.047670  0.995185 0.000000 -0.098017  0.718750 1.000000 1 1 1.000000
no_material
0  0.243730 0.020455 0.047670  0.956940 0.000000 -0.290285  0.718750 0.500000 1 1 1.000000
0  0.243730 -0.020455 0.047670  0.956940 0.000000 -0.290285  0.718750 1.000000 1 1 1.000000
0  0.240362 -0.020455 0.036568  0.956940 0.000000 -0.290285  0.687500 1.000000 1 1 1.000000
no_material
0  0.240362 0.020455 0.036568  0.881922 0.000000 -0.471396  0.687500 0.500000 1 1 1.000000
0  0.240362 -0.020455 0.036568  0.881922 0.000000 -0.471396  0.687500 1.000000 1 1 1.000000
0  0.234894 -0.020455 0.026338  0.881922 0.000000 -0.471396  0.656250 1.000000 1 1 1.000000
no_material
0  0.234894 0.020455 0.026338  0.773010 0.000000 -0.634394  0.656250 0.500000 1 1 1.000000
0  0.234894 -0.020455 0.026338  0.773010 0.000000 -0.634394  0.656250 1.000000 1 1 1.000000
0  0.227535 -0.020455 0.017370  0.773010 0.000000 -0.634394  0.625000 1.000000 1 1 1.000000
no_material
0  0.227535 0.020455 0.017370  0.634393 0.000000 -0.773011  0.625000 0.500000 1 1 1.000000
0  0.227535 -0.020455 0.017370  0.634393 0.000000 -0.773011  0.625000 1.000000 1 1 1.000000
0  0.218567 -0.020455 0.010011  0.634393 0.000000 -0.773011  0.593750 1.000000 1 1 1.000000
no_material
0  0.218567 0.020455 0.010011  0.471397 0.000000 -0.881921  0.593750 0.500000 1 1 1.000000
0  0.218567 -0.020455 0.010011  0.471397 0.000000 -0.881921  0.593750 1.000000 1 1 1.000000
0  0.208336 -0.020455 0.004542  0.471397 0.000000 -0.881921  0.562500 1.000000 1 1 1.000000
no_material
0  0.208336 0.020455 0.004542  0.290284 0.000000 -0.956940  0.562500 0.500000 1 1 1.000000
0  0.208336 -0.020455 0.004542  0.290284 0.000000 -0.956940  0.562500 1.000000 1 1 1.000000
0  0.197235 -0.020455 0.001175  0.290284 0.000000 -0.956940  0.531250 1.000000 1 1 1.000000
no_material
0  0.197235 0.020455 0.001175  0.098017 0.000000 -0.995185  0.531250 0.500000 1 1 1.000000
0  0.197235 -0.020455 0.001175  0.098017 0.000000 -0.995185  0.531250 1.000000 1 1 1.000000
0  0.185690 -0.020455 0.000038  0.098017 0.000000 -0.995185  0.500000 1.000000 1 1 1.000000
no_material
0  0.185690 0.020455 0.000038  -0.098017 0.000000 -0.995185  0.500000 0.500000 1 1 1.000000
0  0.185690 -0.020455 0.000038  -0.098017 0.000000 -0.995185  0.500000 1.000000 1 1 1.000000
0  0.174146 -0.020455 0.001175  -0.098017 0.000000 -0.995185  0.468750 1.000000 1 1 1.000000
no_material
0  0.174146 0.020455 0.001175  -0.290284 0.000000 -0.956940  0.468750 0.500000 1 1 1.000000
0  0.174146 -0.020455 0.001175  -0.290284 0.000000 -0.956940  0.468750 1.000000 1 1 1.000000
0  0.163044 -0.020455 0.004542  -0.290284 0.000000 -0.956940  0.437500 1.000000 1 1 1.000000
no_material
0  0.163044 0.020455 0.004542  -0.471397 0.000000 -0.881921  0.437500 0.500000 1 1 1.000000
0  0.163044 -0.020455 0.004542  -0.471397 0.000000 -0.881921  0.437500 1.000000 1 1 1.000000
0  0.152814 -0.020455 0.010011  -0.471397 0.000000 -0.881921  0.406250 1.000000 1 1 1.000000
no_material
0  0.152814 0.020455 0.010011  -0.634393 0.000000 -0.773011  0.406250 0.500000 1 1 1.000000
0  0.152814 -0.020455 0.010011  -0.634393 0.000000 -0.773011  0.406250 1.000000 1 1 1.000000
0  0.143846 -0.020455 0.017370  -0.634393 0.000000 -0.773011  0.375000 1.000000 1 1 1.000000
no_material
0  0.143846 0.020455 0.017370  -0.773010 0.000000 -0.634394  0.375000 0.500000 1 1 1.000000
0  0.143846 -0.020455 0.017370  -0.773010 0.000000 -0.634394  0.375000 1.000000 1 1 1.000000
0  0.136487 -0.020455 0.026338  -0.773010 0.000000 -0.634394  0.343750 1.000000 1 1 1.000000
no_material
0  0.136487 0.020455 0.026338  -0.881922 0.000000 -0.471396  0.343750 0.500000 1 1 1.000000
0  0.136487 -0.020455 0.026338  -0.881922 0.000000 -0.471396  0.343750 1.000000 1 1 1.000000
0  0.131018 -0.020455 0.036568  -0.881922 0.000000 -0.471396  0.312500 1.000000 1 1 1.000000
no_material
0  0.131018 0.020455 0.036568  -0.956940 0.000000 -0.290285  0.312500 0.500000 1 1 1.000000
0  0.131018 -0.020455 0.036568  -0.956940 0.000000 -0.290285  0.312500 1.000000 1 1 1.000000
0  0.127651 -0.020455 0.047670  -0.956940 0.000000 -0.290285  0.281250 1.000000 1 1 1.000000
no_material
0  0.127651 0.020455 0.047670  -0.995185 0.000000 -0.098017  0.281250 0.500000 1 1 1.000000
0  0.127651 -0.020455 0.047670  -0.995185 0.000000 -0.098017  0.281250 1.000000 1 1 1.000000
0  0.126514 -0.020455 0.059214  -0.995185 0.000000 -0.098017  0.250000 1.000000 1 1 1.000000
no_material
0  0.126514 0.020455 0.059214  -0.995185 0.000000 0.098017  0.250000 0.500000 1 1 1.000000
0  0.126514 -0.020455 0.059214  -0.995185 0.000000 0.098017  0.250000 1.000000 1 1 1.000000
0  0.127651 -0.020455 0.070759  -0.995185 0.000000 0.098017  0.218750 1.000000 1 1 1.000000
no_material
0  0.127651 0.020455 0.070759  -0.956940 0.000000 0.290285  0.218750 0.500000 1 1 1.000000
0  0.127651 -0.020455 0.070759  -0.956940 0.000000 0.290285  0.218750 1.000000 1 1 1.000000
0  0.131018 -0.020455 0.081860  -0.956940 0.000000 0.290285  0.187500 1.000000 1 1 1.000000
no_material
0  0.131018 0.020455 0.081860  -0.881922 0.000000 0.471396  0.187500 0.500000 1 1 1.000000
0  0.131018 -0.020455 0.081860  -0.881922 0.000000 0.471396  0.187500 1.000000 1 1 1.000000
0  0.136487 -0.020455 0.092091  -0.881922 0.000000 0.471396  0.156250 1.000000 1 1 1.000000
no_material
0  0.136487 0.020455 0.092091  -0.773011 0.000000 0.634393  0.156250 0.500000 1 1 1.000000
0  0.136487 -0.020455 0.092091  -0.773011 0.000000 0.634393  0.156250 1.000000 1 1 1.000000
0  0.143846 -0.020455 0.101059  -0.773011 0.000000 0.634393  0.125000 1.000000 1 1 1.000000
no_material
0  0.143846 0.020455 0.101059  -0.634392 0.000000 0.773011  0.125000 0.500000 1 1 1.000000
0  0.143846 -0.020455 0.101059  -0.634392 0.000000 0.773011  0.125000 1.000000 1 1 1.000000
0  0.152814 -0.020455 0.108418  -0.634392 0.000000 0.773011  0.093750 1.000000 1 1 1.000000
no_material
0  0.152814 0.020455 0.108418  -0.471397 0.000000 0.881921  0.093750 0.500000 1 1 1.000000
0  0.152814 -0.020455 0.108418  -0.471397 0.000000 0.881921  0.093750 1.000000 1 1 1.000000
0  0.163044 -0.020455 0.113886  -0.471397 0.000000 0.881921  0.062500 1.000000 1 1 1.000000
no_material
0  0.208336 -0.020455 0.113886  0.000000 -1.000000 -0.000001  0.341844 0.471731 1 1 1.000000
0  0.197235 -0.020455 0.117254  0.000000 -1.000000 -0.000001  0.296822 0.485388 1 1 1.000000
0  0.163044 -0.020455 0.113886  0.000000 -1.000000 -0.000001  0.158156 0.471731 1 1 1.000000
no_material
0  0.197235 -0.020455 0.117254  0.000000 -1.000000 0.000001  0.296822 0.485388 1 1 1.000000
0  0.185690 -0.020455 0.118391  0.000000 -1.000000 0.000001  0.250000 0.490000 1 1 1.000000
0  0.163044 -0.020455 0.113886  0.000000 -1.000000 0.000001  0.158156 0.471731 1 1 1.000000
no_material
0  0.185690 -0.020455 0.118391  0.000000 -1.000000 0.000000  0.250000 0.490000 1 1 1.000000
0  0.174146 -0.020455 0.117254  0.000000 -1.000000 0.000000  0.203178 0.485388 1 1 1.000000
0  0.163044 -0.020455 0.113886  0.000000 -1.000000 0.000000  0.158156 0.471731 1 1 1.000000
no_material
0  0.163044 -0.020455 0.113886  -0.000000 -1.000000 0.000000  0.158156 0.471731 1 1 1.000000
0  0.152814 -0.020455 0.108418  -0.000000 -1.000000 0.000000  0.116663 0.449553 1 1 1.000000
0  0.131018 -0.020455 0.081860  -0.000000 -1.000000 0.000000  0.028269 0.341844 1 1 1.000000
no_material
0  0.152814 -0.020455 0.108418  -0.000000 -1.000000 0.000001  0.116663 0.449553 1 1 1.000000
0  0.143846 -0.020455 0.101059  -0.000000 -1.000000 0.000001  0.080294 0.419706 1 1 1.000000
0  0.131018 -0.020455 0.081860  -0.000000 -1.000000 0.000001  0.028269 0.341844 1 1 1.000000
no_material
0  0.143846 -0.020455 0.101059  0.000001 -1.000000 0.000000  0.080294 0.419706 1 1 1.000000
0  0.136487 -0.020455 0.092091  0.000001 -1.000000 0.000000  0.050447 0.383337 1 1 1.000000
0  0.131018 -0.020455 0.081860  0.000001 -1.000000 0.000000  0.028269 0.341844 1 1 1.000000
no_material
0  0.131018 -0.020455 0.081860  0.000001 -1.000000 0.000000  0.028269 0.341844 1 1 1.000000
0  0.127651 -0.020455 0.070759  0.000001 -1.000000 0.000000  0.014612 0.296822 1 1 1.000000
0  0.126514 -0.020455 0.059214  0.000001 -1.000000 0.000000  0.010000 0.250000 1 1 1.000000
no_material
0  0.126514 -0.020455 0.059214  -0.000001 -1.000000 0.000000  0.010000 0.250000 1 1 1.000000
0  0.127651 -0.020455 0.047670  -0.000001 -1.000000 0.000000  0.014612 0.203178 1 1 1.000000
0  0.131018 -0.020455 0.036568  -0.000001 -1.000000 0.000000  0.028269 0.158156 1 1 1.000000
no_material
0  0.131018 -0.020455 0.036568  -0.000001 -1.000000 -0.000001  0.028269 0.158156 1 1 1.000000
0  0.136487 -0.020455 0.026338  -0.000001 -1.000000 -0.000001  0.050447 0.116663 1 1 1.000000
0  0.143846 -0.020455 0.017370  -0.000001 -1.000000 -0.000001  0.080294 0.080294 1 1 1.000000
no_material
0  0.143846 -0.020455 0.017370  0.000000 -1.000000 0.000000  0.080294 0.080294 1 1 1.000000
0  0.152814 -0.020455 0.010011  0.000000 -1.000000 0.000000  0.116663 0.050447 1 1 1.000000
0  0.131018 -0.020455 0.036568  0.000000 -1.000000 0.000000  0.028269 0.158156 1 1 1.000000
no_material
0  0.152814 -0.020455 0.010011  0.000000 -1.000000 -0.000001  0.116663 0.050447 1 1 1.000000
0  0.163044 -0.020455 0.004542  0.000000 -1.000000 -0.000001  0.158156 0.028269 1 1 1.000000
0  0.131018 -0.020455 0.036568  0.000000 -1.000000 -0.000001  0.028269 0.158156 1 1 1.000000
no_material
0  0.163044 -0.020455 0.004542  0.000000 -1.000000 0.000000  0.158156 0.028269 1 1 1.000000
0  0.174146 -0.020455 0.001175  0.000000 -1.000000 0.000000  0.203178 0.014612 1 1 1.000000
0  0.208336 -0.020455 0.004542  0.000000 -1.000000 0.000000  0.341844 0.028269 1 1 1.000000
no_material
0  0.174146 -0.020455 0.001175  0.000000 -1.000000 -0.000001  0.203178 0.014612 1 1 1.000000
0  0.185690 -0.020455 0.000038  0.000000 -1.000000 -0.000001  0.250000 0.010000 1 1 1.000000
0  0.208336 -0.020455 0.004542  0.000000 -1.000000 -0.000001  0.341844 0.028269 1 1 1.000000
no_material
0  0.185690 -0.020455 0.000038  0.000000 -1.000000 0.000000  0.250000 0.010000 1 1 1.000000
0  0.197235 -0.020455 0.001175  0.000000 -1.000000 0.000000  0.296822 0.014612 1 1 1.000000
0  0.208336 -0.020455 0.004542  0.000000 -1.000000 0.000000  0.341844 0.028269 1 1 1.000000
no_material
0  0.208336 -0.020455 0.004542  0.000000 -1.000000 0.000000  0.341844 0.028269 1 1 1.000000
0  0.218567 -0.020455 0.010011  0.000000 -1.000000 0.000000  0.383337 0.050447 1 1 1.000000
0  0.227535 -0.020455 0.017370  0.000000 -1.000000 0.000000  0.419706 0.080294 1 1 1.000000
no_material
0  0.227535 -0.020455 0.017370  0.000001 -1.000000 -0.000001  0.419706 0.080294 1 1 1.000000
0  0.234894 -0.020455 0.026338  0.000001 -1.000000 -0.000001  0.449553 0.116663 1 1 1.000000
0  0.240362 -0.020455 0.036568  0.000001 -1.000000 -0.000001  0.471731 0.158156 1 1 1.000000
no_material
0  0.240362 -0.020455 0.036568  0.000001 -1.000000 0.000000  0.471731 0.158156 1 1 1.000000
0  0.243730 -0.020455 0.047670  0.000001 -1.000000 0.000000  0.485388 0.203178 1 1 1.000000
0  0.244867 -0.020455 0.059214  0.000001 -1.000000 0.000000  0.490000 0.250000 1 1 1.000000
no_material
0  0.244867 -0.020455 0.059214  -0.000001 -1.000000 0.000000  0.490000 0.250000 1 1 1.000000
0  0.243730 -0.020455 0.070759  -0.000001 -1.000000 0.000000  0.485388 0.296822 1 1 1.000000
0  0.240362 -0.020455 0.081860  -0.000001 -1.000000 0.000000  0.471731 0.341844 1 1 1.000000
no_material
0  0.240362 -0.020455 0.081860  -0.000001 -1.000000 0.000000  0.471731 0.341844 1 1 1.000000
0  0.234894 -0.020455 0.092091  -0.000001 -1.000000 0.000000  0.449553 0.383337 1 1 1.000000
0  0.227535 -0.020455 0.101059  -0.000001 -1.000000 0.000000  0.419706 0.419706 1 1 1.000000
no_material
0  0.227535 -0.020455 0.101059  0.000000 -1.000000 0.000000  0.419706 0.419706 1 1 1.000000
0  0.218567 -0.020455 0.108418  0.000000 -1.000000 0.000000  0.383337 0.449553 1 1 1.000000
0  0.240362 -0.020455 0.081860  0.000000 -1.000000 0.000000  0.471731 0.341844 1 1 1.000000
no_material
0  0.218567 -0.020455 0.108418  0.000000 -1.000000 0.000000  0.383337 0.449553 1 1 1.000000
0  0.208336 -0.020455 0.113886  0.000000 -1.000000 0.000000  0.341844 0.471731 1 1 1.000000
0  0.240362 -0.020455 0.081860  0.000000 -1.000000 0.000000  0.471731 0.341844 1 1 1.000000
no_material
0  0.131018 -0.020455 0.081860  -0.000000 -1.000000 0.000000  0.028269 0.341844 1 1 1.000000
0  0.126514 -0.020455 0.059214  -0.000000 -1.000000 0.000000  0.010000 0.250000 1 1 1.000000
0  0.131018 -0.020455 0.036568  -0.000000 -1.000000 0.000000  0.028269 0.158156 1 1 1.000000
no_material
0  0.208336 -0.020455 0.004542  0.000000 -1.000000 0.000000  0.341844 0.028269 1 1 1.000000
0  0.227535 -0.020455 0.017370  0.000000 -1.000000 0.000000  0.419706 0.080294 1 1 1.000000
0  0.163044 -0.020455 0.004542  0.000000 -1.000000 0.000000  0.158156 0.028269 1 1 1.000000
no_material
0  0.227535 -0.020455 0.017370  -0.000000 -1.000000 0.000000  0.419706 0.080294 1 1 1.000000
0  0.240362 -0.020455 0.036568  -0.000000 -1.000000 0.000000  0.471731 0.158156 1 1 1.000000
0  0.163044 -0.020455 0.004542  -0.000000 -1.000000 0.000000  0.158156 0.028269 1 1 1.000000
no_material
0  0.240362 -0.020455 0.036568  0.000000 -1.000000 0.000000  0.471731 0.158156 1 1 1.000000
0  0.244867 -0.020455 0.059214  0.000000 -1.000000 0.000000  0.490000 0.250000 1 1 1.000000
0  0.240362 -0.020455 0.081860  0.000000 -1.000000 0.000000  0.471731 0.341844 1 1 1.000000
no_material
0  0.208336 -0.020455 0.113886  0.000000 -1.000000 0.000000  0.341844 0.471731 1 1 1.000000
0  0.163044 -0.020455 0.113886  0.000000 -1.000000 0.000000  0.158156 0.471731 1 1 1.000000
0  0.131018 -0.020455 0.081860  0.000000 -1.000000 0.000000  0.028269 0.341844 1 1 1.000000
no_material
0  0.131018 -0.020455 0.081860  0.000000 -1.000000 0.000000  0.028269 0.341844 1 1 1.000000
0  0.131018 -0.020455 0.036568  0.000000 -1.000000 0.000000  0.028269 0.158156 1 1 1.000000
0  0.163044 -0.020455 0.004542  0.000000 -1.000000 0.000000  0.158156 0.028269 1 1 1.000000
no_material
0  0.240362 -0.020455 0.036568  0.000000 -1.000000 0.000000  0.471731 0.158156 1 1 1.000000
0  0.240362 -0.020455 0.081860  0.000000 -1.000000 0.000000  0.471731 0.341844 1 1 1.000000
0  0.208336 -0.020455 0.113886  0.000000 -1.000000 0.000000  0.341844 0.471731 1 1 1.000000
no_material
0  0.208336 -0.020455 0.113886  -0.000000 -1.000000 0.000000  0.341844 0.471731 1 1 1.000000
0  0.131018 -0.020455 0.081860  -0.000000 -1.000000 0.000000  0.028269 0.341844 1 1 1.000000
0  0.240362 -0.020455 0.036568  -0.000000 -1.000000 0.000000  0.471731 0.158156 1 1 1.000000
no_material
0  0.163044 0.020455 0.113886  -0.290283 0.000000 0.956941  0.062500 0.500000 1 1 1.000000
0  0.163044 -0.020455 0.113886  -0.290283 0.000000 0.956941  0.062500 1.000000 1 1 1.000000
0  0.174146 -0.020455 0.117254  -0.290283 0.000000 0.956941  0.031250 1.000000 1 1 1.000000
no_material
0  0.174146 0.020455 0.117254  -0.098018 0.000000 0.995185  0.031250 0.500000 1 1 1.000000
0  0.174146 -0.020455 0.117254  -0.098018 0.000000 0.995185  0.031250 1.000000 1 1 1.000000
0  0.185690 -0.020455 0.118391  -0.098018 0.000000 0.995185  0.000000 1.000000 1 1 1.000000
no_material
0  0.174146 0.020455 0.117254  0.000000 1.000000 0.000000  0.703178 0.485388 1 1 1.000000
0  0.185690 0.020455 0.118391  0.000000 1.000000 0.000000  0.750000 0.490000 1 1 1.000000
0  0.197235 0.020455 0.117254  0.000000 1.000000 0.000000  0.796822 0.485388 1 1 1.000000
no_material
0  0.197235 0.020455 0.117254  0.000000 1.000000 -0.000001  0.796822 0.485388 1 1 1.000000
0  0.208336 0.020455 0.113886  0.000000 1.000000 -0.000001  0.841844 0.471731 1 1 1.000000
0  0.218567 0.020455 0.108418  0.000000 1.000000 -0.000001  0.883337 0.449553 1 1 1.000000
no_material
0  0.218567 0.020455 0.108418  -0.000001 1.000000 0.000001  0.883337 0.449553 1 1 1.000000
0  0.227535 0.020455 0.101059  -0.000001 1.000000 0.000001  0.919706 0.419706 1 1 1.000000
0  0.234894 0.020455 0.092091  -0.000001 1.000000 0.000001  0.949553 0.383337 1 1 1.000000
no_material
0  0.234894 0.020455 0.092091  0.000000 1.000000 0.000000  0.949553 0.383337 1 1 1.000000
0  0.240362 0.020455 0.081860  0.000000 1.000000 0.000000  0.971731 0.341844 1 1 1.000000
0  0.218567 0.020455 0.108418  0.000000 1.000000 0.000000  0.883337 0.449553 1 1 1.000000
no_material
0  0.240362 0.020455 0.081860  -0.000000 1.000000 -0.000001  0.971731 0.341844 1 1 1.000000
0  0.243730 0.020455 0.070759  -0.000000 1.000000 -0.000001  0.985388 0.296822 1 1 1.000000
0  0.218567 0.020455 0.108418  -0.000000 1.000000 -0.000001  0.883337 0.449553 1 1 1.000000
no_material
0  0.243730 0.020455 0.070759  0.000000 1.000000 0.000000  0.985388 0.296822 1 1 1.000000
0  0.244867 0.020455 0.059214  0.000000 1.000000 0.000000  0.990000 0.250000 1 1 1.000000
0  0.243730 0.020455 0.047670  0.000000 1.000000 0.000000  0.985388 0.203178 1 1 1.000000
no_material
0  0.243730 0.020455 0.047670  -0.000001 1.000000 0.000000  0.985388 0.203178 1 1 1.000000
0  0.240362 0.020455 0.036568  -0.000001 1.000000 0.000000  0.971731 0.158156 1 1 1.000000
0  0.243730 0.020455 0.070759  -0.000001 1.000000 0.000000  0.985388 0.296822 1 1 1.000000
no_material
0  0.240362 0.020455 0.036568  0.000000 1.000000 -0.000000  0.971731 0.158156 1 1 1.000000
0  0.234894 0.020455 0.026338  0.000000 1.000000 -0.000000  0.949553 0.116663 1 1 1.000000
0  0.243730 0.020455 0.070759  0.000000 1.000000 -0.000000  0.985388 0.296822 1 1 1.000000
no_material
0  0.234894 0.020455 0.026338  0.000001 1.000000 0.000001  0.949553 0.116663 1 1 1.000000
0  0.227535 0.020455 0.017370  0.000001 1.000000 0.000001  0.919706 0.080294 1 1 1.000000
0  0.218567 0.020455 0.010011  0.000001 1.000000 0.000001  0.883337 0.050447 1 1 1.000000
no_material
0  0.218567 0.020455 0.010011  0.000000 1.000000 0.000000  0.883337 0.050447 1 1 1.000000
0  0.208336 0.020455 0.004542  0.000000 1.000000 0.000000  0.841844 0.028269 1 1 1.000000
0  0.197235 0.020455 0.001175  0.000000 1.000000 0.000000  0.796822 0.014612 1 1 1.000000
no_material
0  0.197235 0.020455 0.001175  0.000000 1.000000 0.000000  0.796822 0.014612 1 1 1.000000
0  0.185690 0.020455 0.000038  0.000000 1.000000 0.000000  0.750000 0.010000 1 1 1.000000
0  0.174146 0.020455 0.001175  0.000000 1.000000 0.000000  0.703178 0.014612 1 1 1.000000
no_material
0  0.174146 0.020455 0.001175  0.000000 1.000000 0.000000  0.703178 0.014612 1 1 1.000000
0  0.163044 0.020455 0.004542  0.000000 1.000000 0.000000  0.658156 0.028269 1 1 1.000000
0  0.152814 0.020455 0.010011  0.000000 1.000000 0.000000  0.616663 0.050447 1 1 1.000000
no_material
0  0.152814 0.020455 0.010011  -0.000001 1.000000 0.000001  0.616663 0.050447 1 1 1.000000
0  0.143846 0.020455 0.017370  -0.000001 1.000000 0.000001  0.580294 0.080294 1 1 1.000000
0  0.136487 0.020455 0.026338  -0.000001 1.000000 0.000001  0.550447 0.116663 1 1 1.000000
no_material
0  0.136487 0.020455 0.026338  0.000000 1.000000 0.000000  0.550447 0.116663 1 1 1.000000
0  0.131018 0.020455 0.036568  0.000000 1.000000 0.000000  0.528269 0.158156 1 1 1.000000
0  0.152814 0.020455 0.010011  0.000000 1.000000 0.000000  0.616663 0.050447 1 1 1.000000
no_material
0  0.131018 0.020455 0.036568  -0.000000 1.000000 -0.000001  0.528269 0.158156 1 1 1.000000
0  0.127651 0.020455 0.047670  -0.000000 1.000000 -0.000001  0.514612 0.203178 1 1 1.000000
0  0.152814 0.020455 0.010011  -0.000000 1.000000 -0.000001  0.616663 0.050447 1 1 1.000000
no_material
0  0.127651 0.020455 0.047670  0.000000 1.000000 0.000000  0.514612 0.203178 1 1 1.000000
0  0.126514 0.020455 0.059214  0.000000 1.000000 0.000000  0.510000 0.250000 1 1 1.000000
0  0.127651 0.020455 0.070759  0.000000 1.000000 0.000000  0.514612 0.296822 1 1 1.000000
no_material
0  0.127651 0.020455 0.070759  -0.000001 1.000000 0.000000  0.514612 0.296822 1 1 1.000000
0  0.131018 0.020455 0.081860  -0.000001 1.000000 0.000000  0.528269 0.341844 1 1 1.000000
0  0.127651 0.020455 0.047670  -0.000001 1.000000 0.000000  0.514612 0.203178 1 1 1.000000
no_material
0  0.131018 0.020455 0.081860  0.000000 1.000000 -0.000000  0.528269 0.341844 1 1 1.000000
0  0.136487 0.020455 0.092091  0.000000 1.000000 -0.000000  0.550447 0.383337 1 1 1.000000
0  0.127651 0.020455 0.047670  0.000000 1.000000 -0.000000  0.514612 0.203178 1 1 1.000000
no_material
0  0.136487 0.020455 0.092091  0.000001 1.000000 0.000001  0.550447 0.383337 1 1 1.000000
0  0.143846 0.020455 0.101059  0.000001 1.000000 0.000001  0.580294 0.419706 1 1 1.000000
0  0.152814 0.020455 0.108418  0.000001 1.000000 0.000001  0.616663 0.449553 1 1 1.000000
no_material
0  0.152814 0.020455 0.108418  0.000000 1.000000 -0.000001  0.616663 0.449553 1 1 1.000000
0  0.163044 0.020455 0.113886  0.000000 1.000000 -0.000001  0.658156 0.471731 1 1 1.000000
0  0.174146 0.020455 0.117254  0.000000 1.000000 -0.000001  0.703178 0.485388 1 1 1.000000
no_material
0  0.174146 0.020455 0.117254  0.000000 1.000000 0.000000  0.703178 0.485388 1 1 1.000000
0  0.197235 0.020455 0.117254  0.000000 1.000000 0.000000  0.796822 0.485388 1 1 1.000000
0  0.218567 0.020455 0.108418  0.000000 1.000000 0.000000  0.883337 0.449553 1 1 1.000000
no_material
0  0.234894 0.020455 0.026338  -0.000000 1.000000 -0.000000  0.949553 0.116663 1 1 1.000000
0  0.218567 0.020455 0.010011  -0.000000 1.000000 -0.000000  0.883337 0.050447 1 1 1.000000
0  0.243730 0.020455 0.070759  -0.000000 1.000000 -0.000000  0.985388 0.296822 1 1 1.000000
no_material
0  0.218567 0.020455 0.010011  0.000000 1.000000 0.000000  0.883337 0.050447 1 1 1.000000
0  0.197235 0.020455 0.001175  0.000000 1.000000 0.000000  0.796822 0.014612 1 1 1.000000
0  0.243730 0.020455 0.070759  0.000000 1.000000 0.000000  0.985388 0.296822 1 1 1.000000
no_material
0  0.197235 0.020455 0.001175  0.000000 1.000000 0.000000  0.796822 0.014612 1 1 1.000000
0  0.174146 0.020455 0.001175  0.000000 1.000000 0.000000  0.703178 0.014612 1 1 1.000000
0  0.152814 0.020455 0.010011  0.000000 1.000000 0.000000  0.616663 0.050447 1 1 1.000000
no_material
0  0.136487 0.020455 0.092091  -0.000000 1.000000 -0.000000  0.550447 0.383337 1 1 1.000000
0  0.152814 0.020455 0.108418  -0.000000 1.000000 -0.000000  0.616663 0.449553 1 1 1.000000
0  0.127651 0.020455 0.047670  -0.000000 1.000000 -0.000000  0.514612 0.203178 1 1 1.000000
no_material
0  0.152814 0.020455 0.108418  0.000000 1.000000 0.000000  0.616663 0.449553 1 1 1.000000
0  0.174146 0.020455 0.117254  0.000000 1.000000 0.000000  0.703178 0.485388 1 1 1.000000
0  0.127651 0.020455 0.047670  0.000000 1.000000 0.000000  0.514612 0.203178 1 1 1.000000
no_material
0  0.174146 0.020455 0.117254  -0.000000 1.000000 -0.000000  0.703178 0.485388 1 1 1.000000
0  0.218567 0.020455 0.108418  -0.000000 1.000000 -0.000000  0.883337 0.449553 1 1 1.000000
0  0.197235 0.020455 0.001175  -0.000000 1.000000 -0.000000  0.796822 0.014612 1 1 1.000000
no_material
0  0.218567 0.020455 0.108418  0.000000 1.000000 -0.000000  0.883337 0.449553 1 1 1.000000
0  0.243730 0.020455 0.070759  0.000000 1.000000 -0.000000  0.985388 0.296822 1 1 1.000000
0  0.197235 0.020455 0.001175  0.000000 1.000000 -0.000000  0.796822 0.014612 1 1 1.000000
no_material
0  0.197235 0.020455 0.001175  -0.000000 1.000000 -0.000000  0.796822 0.014612 1 1 1.000000
0  0.152814 0.020455 0.010011  -0.000000 1.000000 -0.000000  0.616663 0.050447 1 1 1.000000
0  0.127651 0.020455 0.047670  -0.000000 1.000000 -0.000000  0.514612 0.203178 1 1 1.000000
no_material
0  -0.227381 -0.072700 0.131078  -0.577350 -0.577351 -0.577351  0.375000 0.000000 1 1 1.000000
0  -0.227381 -0.072700 0.372578  -0.577336 -0.577361 0.577354  0.625000 0.000000 1 1 1.000000
0  -0.227381 0.074460 0.372578  -0.577350 0.577351 0.577351  0.625000 0.250000 1 1 1.000000
no_material
0  -0.030642 0.074460 0.131078  0.000000 0.707097 -0.707116  0.375000 0.364369 1 1 1.000000
0  -0.030642 0.074460 0.372578  0.208672 0.650198 0.730547  0.625000 0.364369 1 1 1.000000
0  0.202670 0.074460 0.227448  0.691047 0.612391 0.383969  0.625000 0.500000 1 1 1.000000
no_material
0  0.202670 0.074460 0.131078  0.577354 0.577348 -0.577348  0.375000 0.500000 1 1 1.000000
0  0.202670 0.074460 0.227448  0.691047 0.612391 0.383969  0.625000 0.500000 1 1 1.000000
0  0.202670 -0.072700 0.227448  0.691045 -0.612391 0.383971  0.625000 0.750000 1 1 1.000000
no_material
0  -0.030642 -0.072700 0.131078  0.000000 -0.707109 -0.707105  0.375000 0.885631 1 1 1.000000
0  -0.030642 -0.072700 0.372578  0.208673 -0.650200 0.730545  0.625000 0.885631 1 1 1.000000
0  -0.227381 -0.072700 0.372578  -0.577336 -0.577361 0.577354  0.625000 1.000000 1 1 1.000000
no_material
0  -0.030642 0.074460 0.131078  0.000000 0.707097 -0.707116  0.239369 0.500000 1 1 1.000000
0  0.202670 0.074460 0.131078  0.577354 0.577348 -0.577348  0.375000 0.500000 1 1 1.000000
0  0.202670 -0.072700 0.131078  0.577339 -0.577371 -0.577341  0.375000 0.750000 1 1 1.000000
no_material
0  -0.030642 0.074460 0.372578  0.208672 0.650198 0.730547  0.760631 0.500000 1 1 1.000000
0  -0.227381 0.074460 0.372578  -0.577350 0.577351 0.577351  0.875000 0.500000 1 1 1.000000
0  -0.227381 -0.072700 0.372578  -0.577336 -0.577361 0.577354  0.875000 0.750000 1 1 1.000000
no_material
0  0.202670 0.074460 0.227448  0.691047 0.612391 0.383969  0.625000 0.500000 1 1 1.000000
0  -0.030642 0.074460 0.372578  0.208672 0.650198 0.730547  0.760631 0.500000 1 1 1.000000
0  -0.030642 -0.072700 0.372578  0.208673 -0.650200 0.730545  0.760631 0.750000 1 1 1.000000
no_material
0  -0.227381 0.074460 0.131078  -0.577336 0.577361 -0.577354  0.125000 0.500000 1 1 1.000000
0  -0.030642 0.074460 0.131078  0.000000 0.707097 -0.707116  0.239369 0.500000 1 1 1.000000
0  -0.030642 -0.072700 0.131078  0.000000 -0.707109 -0.707105  0.239369 0.750000 1 1 1.000000
no_material
0  0.202670 -0.072700 0.131078  0.577339 -0.577371 -0.577341  0.375000 0.750000 1 1 1.000000
0  0.202670 -0.072700 0.227448  0.691045 -0.612391 0.383971  0.625000 0.750000 1 1 1.000000
0  -0.030642 -0.072700 0.372578  0.208673 -0.650200 0.730545  0.625000 0.885631 1 1 1.000000
no_material
0  -0.227381 0.074460 0.131078  -0.577336 0.577361 -0.577354  0.375000 0.250000 1 1 1.000000
0  -0.227381 0.074460 0.372578  -0.577350 0.577351 0.577351  0.625000 0.250000 1 1 1.000000
0  -0.030642 0.074460 0.372578  0.208672 0.650198 0.730547  0.625000 0.364369 1 1 1.000000
no_material
0  0.061038 0.020455 0.118391  -0.000001 0.685710 0.727875  1.000000 0.500000 1 1 1.000000
0  0.061038 -0.020455 0.118391  0.000001 -0.685707 0.727878  1.000000 1.000000 1 1 1.000000
0  0.072583 -0.020455 0.117254  0.142003 -0.685710 0.713888  0.968750 1.000000 1 1 1.000000
no_material
0  0.072583 0.020455 0.117254  0.142001 0.685703 0.713896  0.968750 0.500000 1 1 1.000000
0  0.072583 -0.020455 0.117254  0.142003 -0.685710 0.713888  0.968750 1.000000 1 1 1.000000
0  0.083684 -0.020455 0.113887  0.278555 -0.685690 0.672485  0.937500 1.000000 1 1 1.000000
no_material
0  0.083684 0.020455 0.113887  0.278544 0.685710 0.672470  0.937500 0.500000 1 1 1.000000
0  0.083684 -0.020455 0.113887  0.278555 -0.685690 0.672485  0.937500 1.000000 1 1 1.000000
0  0.093915 -0.020455 0.108418  0.404388 -0.685710 0.605204  0.906250 1.000000 1 1 1.000000
no_material
0  0.093915 0.020455 0.108418  0.404391 0.685697 0.605217  0.906250 0.500000 1 1 1.000000
0  0.093915 -0.020455 0.108418  0.404388 -0.685710 0.605204  0.906250 1.000000 1 1 1.000000
0  0.102882 -0.020455 0.101059  0.514691 -0.685702 0.514689  0.875000 1.000000 1 1 1.000000
no_material
0  0.102882 0.020455 0.101059  0.514688 0.685704 0.514691  0.875000 0.500000 1 1 1.000000
0  0.102882 -0.020455 0.101059  0.514691 -0.685702 0.514689  0.875000 1.000000 1 1 1.000000
0  0.110242 -0.020455 0.092091  0.605207 -0.685710 0.404384  0.843750 1.000000 1 1 1.000000
no_material
0  0.110242 0.020455 0.092091  0.605208 0.685707 0.404388  0.843750 0.500000 1 1 1.000000
0  0.110242 -0.020455 0.092091  0.605207 -0.685710 0.404384  0.843750 1.000000 1 1 1.000000
0  0.115710 -0.020455 0.081860  0.672493 -0.685683 0.278554  0.812500 1.000000 1 1 1.000000
no_material
0  0.115710 0.020455 0.081860  0.672468 0.685710 0.278547  0.812500 0.500000 1 1 1.000000
0  0.115710 -0.020455 0.081860  0.672493 -0.685683 0.278554  0.812500 1.000000 1 1 1.000000
0  0.119078 -0.020455 0.070759  0.713889 -0.685710 0.142000  0.781250 1.000000 1 1 1.000000
no_material
0  0.119078 0.020455 0.070759  0.713909 0.685688 0.142007  0.781250 0.500000 1 1 1.000000
0  0.119078 -0.020455 0.070759  0.713889 -0.685710 0.142000  0.781250 1.000000 1 1 1.000000
0  0.120215 -0.020455 0.059214  0.727882 -0.685703 -0.000002  0.750000 1.000000 1 1 1.000000
no_material
0  0.120215 0.020455 0.059214  0.727875 0.685710 0.000002  0.750000 0.500000 1 1 1.000000
0  0.120215 -0.020455 0.059214  0.727882 -0.685703 -0.000002  0.750000 1.000000 1 1 1.000000
0  0.119078 -0.020455 0.047670  0.713889 -0.685710 -0.142003  0.718750 1.000000 1 1 1.000000
no_material
0  0.119078 0.020455 0.047670  0.713892 0.685707 -0.142000  0.718750 0.500000 1 1 1.000000
0  0.119078 -0.020455 0.047670  0.713889 -0.685710 -0.142003  0.718750 1.000000 1 1 1.000000
0  0.115710 -0.020455 0.036568  0.672494 -0.685681 -0.278558  0.687500 1.000000 1 1 1.000000
no_material
0  0.115710 0.020455 0.036568  0.672475 0.685704 -0.278546  0.687500 0.500000 1 1 1.000000
0  0.115710 -0.020455 0.036568  0.672494 -0.685681 -0.278558  0.687500 1.000000 1 1 1.000000
0  0.110242 -0.020455 0.026338  0.605205 -0.685709 -0.404387  0.656250 1.000000 1 1 1.000000
no_material
0  0.110242 0.020455 0.026338  0.605224 0.685688 -0.404396  0.656250 0.500000 1 1 1.000000
0  0.110242 -0.020455 0.026338  0.605205 -0.685709 -0.404387  0.656250 1.000000 1 1 1.000000
0  0.102882 -0.020455 0.017370  0.514689 -0.685703 -0.514691  0.625000 1.000000 1 1 1.000000
no_material
0  0.102882 0.020455 0.017370  0.514691 0.685704 -0.514688  0.625000 0.500000 1 1 1.000000
0  0.102882 -0.020455 0.017370  0.514689 -0.685703 -0.514691  0.625000 1.000000 1 1 1.000000
0  0.093915 -0.020455 0.010011  0.404384 -0.685710 -0.605207  0.593750 1.000000 1 1 1.000000
no_material
0  0.093915 0.020455 0.010011  0.404388 0.685707 -0.605207  0.593750 0.500000 1 1 1.000000
0  0.093915 -0.020455 0.010011  0.404384 -0.685710 -0.605207  0.593750 1.000000 1 1 1.000000
0  0.083684 -0.020455 0.004542  0.278554 -0.685682 -0.672494  0.562500 1.000000 1 1 1.000000
no_material
0  0.083684 0.020455 0.004542  0.278547 0.685710 -0.672468  0.562500 0.500000 1 1 1.000000
0  0.083684 -0.020455 0.004542  0.278554 -0.685682 -0.672494  0.562500 1.000000 1 1 1.000000
0  0.072583 -0.020455 0.001175  0.142000 -0.685710 -0.713889  0.531250 1.000000 1 1 1.000000
no_material
0  0.072583 0.020455 0.001175  0.142007 0.685689 -0.713908  0.531250 0.500000 1 1 1.000000
0  0.072583 -0.020455 0.001175  0.142000 -0.685710 -0.713889  0.531250 1.000000 1 1 1.000000
0  0.061038 -0.020455 0.000038  -0.000002 -0.685707 -0.727878  0.500000 1.000000 1 1 1.000000
no_material
0  0.061038 0.020455 0.000038  0.000002 0.685710 -0.727875  0.500000 0.500000 1 1 1.000000
0  0.061038 -0.020455 0.000038  -0.000002 -0.685707 -0.727878  0.500000 1.000000 1 1 1.000000
0  0.049493 -0.020455 0.001175  -0.142004 -0.685704 -0.713894  0.468750 1.000000 1 1 1.000000
no_material
0  0.049493 0.020455 0.001175  -0.142004 0.685689 -0.713908  0.468750 0.500000 1 1 1.000000
0  0.049493 -0.020455 0.001175  -0.142004 -0.685704 -0.713894  0.468750 1.000000 1 1 1.000000
0  0.038392 -0.020455 0.004542  -0.278555 -0.685687 -0.672488  0.437500 1.000000 1 1 1.000000
no_material
0  0.038392 0.020455 0.004542  -0.278544 0.685710 -0.672469  0.437500 0.500000 1 1 1.000000
0  0.038392 -0.020455 0.004542  -0.278555 -0.685687 -0.672488  0.437500 1.000000 1 1 1.000000
0  0.028161 -0.020455 0.010011  -0.404387 -0.685710 -0.605205  0.406250 1.000000 1 1 1.000000
no_material
0  0.028161 0.020455 0.010011  -0.404394 0.685691 -0.605222  0.406250 0.500000 1 1 1.000000
0  0.028161 -0.020455 0.010011  -0.404387 -0.685710 -0.605205  0.406250 1.000000 1 1 1.000000
0  0.019194 -0.020455 0.017370  -0.514688 -0.685707 -0.514686  0.375000 1.000000 1 1 1.000000
no_material
0  0.019194 0.020455 0.017370  -0.514684 0.685710 -0.514686  0.375000 0.500000 1 1 1.000000
0  0.019194 -0.020455 0.017370  -0.514688 -0.685707 -0.514686  0.375000 1.000000 1 1 1.000000
0  0.011834 -0.020455 0.026338  -0.605212 -0.685704 -0.404387  0.343750 1.000000 1 1 1.000000
no_material
0  0.011834 0.020455 0.026338  -0.605211 0.685703 -0.404391  0.343750 0.500000 1 1 1.000000
0  0.011834 -0.020455 0.026338  -0.605212 -0.685704 -0.404387  0.343750 1.000000 1 1 1.000000
0  0.006366 -0.020455 0.036568  -0.672483 -0.685694 -0.278550  0.312500 1.000000 1 1 1.000000
no_material
0  0.006366 0.020455 0.036568  -0.672468 0.685710 -0.278548  0.312500 0.500000 1 1 1.000000
0  0.006366 -0.020455 0.036568  -0.672483 -0.685694 -0.278550  0.312500 1.000000 1 1 1.000000
0  0.002998 -0.020455 0.047670  -0.713889 -0.685710 -0.141999  0.281250 1.000000 1 1 1.000000
no_material
0  0.002998 0.020455 0.047670  -0.713911 0.685686 -0.142007  0.281250 0.500000 1 1 1.000000
0  0.002998 -0.020455 0.047670  -0.713889 -0.685710 -0.141999  0.281250 1.000000 1 1 1.000000
0  0.001861 -0.020455 0.059214  -0.727894 -0.685689 0.000002  0.250000 1.000000 1 1 1.000000
no_material
0  0.001861 0.020455 0.059214  -0.727875 0.685710 -0.000002  0.250000 0.500000 1 1 1.000000
0  0.001861 -0.020455 0.059214  -0.727894 -0.685689 0.000002  0.250000 1.000000 1 1 1.000000
0  0.002998 -0.020455 0.070759  -0.713888 -0.685710 0.142003  0.218750 1.000000 1 1 1.000000
no_material
0  0.002998 0.020455 0.070759  -0.713908 0.685689 0.142003  0.218750 0.500000 1 1 1.000000
0  0.002998 -0.020455 0.070759  -0.713888 -0.685710 0.142003  0.218750 1.000000 1 1 1.000000
0  0.006366 -0.020455 0.081860  -0.672485 -0.685691 0.278554  0.187500 1.000000 1 1 1.000000
no_material
0  0.006366 0.020455 0.081860  -0.672469 0.685710 0.278544  0.187500 0.500000 1 1 1.000000
0  0.006366 -0.020455 0.081860  -0.672485 -0.685691 0.278554  0.187500 1.000000 1 1 1.000000
0  0.011834 -0.020455 0.092091  -0.605205 -0.685710 0.404387  0.156250 1.000000 1 1 1.000000
no_material
0  0.011834 0.020455 0.092091  -0.605221 0.685691 0.404394  0.156250 0.500000 1 1 1.000000
0  0.011834 -0.020455 0.092091  -0.605205 -0.685710 0.404387  0.156250 1.000000 1 1 1.000000
0  0.019194 -0.020455 0.101059  -0.514686 -0.685707 0.514688  0.125000 1.000000 1 1 1.000000
no_material
0  0.019194 0.020455 0.101059  -0.514686 0.685710 0.514684  0.125000 0.500000 1 1 1.000000
0  0.019194 -0.020455 0.101059  -0.514686 -0.685707 0.514688  0.125000 1.000000 1 1 1.000000
0  0.028161 -0.020455 0.108418  -0.404387 -0.685704 0.605212  0.093750 1.000000 1 1 1.000000
no_material
0  0.028161 0.020455 0.108418  -0.404391 0.685703 0.605210  0.093750 0.500000 1 1 1.000000
0  0.028161 -0.020455 0.108418  -0.404387 -0.685704 0.605212  0.093750 1.000000 1 1 1.000000
0  0.038392 -0.020455 0.113887  -0.278551 -0.685688 0.672488  0.062500 1.000000 1 1 1.000000
no_material
0  0.083684 -0.020455 0.113887  0.278555 -0.685690 0.672485  0.341844 0.471731 1 1 1.000000
0  0.072583 -0.020455 0.117254  0.142003 -0.685710 0.713888  0.296822 0.485388 1 1 1.000000
0  0.061038 -0.020455 0.118391  0.000001 -0.685707 0.727878  0.250000 0.490000 1 1 1.000000
no_material
0  0.061038 -0.020455 0.118391  0.000001 -0.685707 0.727878  0.250000 0.490000 1 1 1.000000
0  0.049493 -0.020455 0.117254  -0.142001 -0.685704 0.713895  0.203178 0.485388 1 1 1.000000
0  0.083684 -0.020455 0.113887  0.278555 -0.685690 0.672485  0.341844 0.471731 1 1 1.000000
no_material
0  0.049493 -0.020455 0.117254  -0.142001 -0.685704 0.713895  0.203178 0.485388 1 1 1.000000
0  0.038392 -0.020455 0.113887  -0.278551 -0.685688 0.672488  0.158156 0.471731 1 1 1.000000
0  0.083684 -0.020455 0.113887  0.278555 -0.685690 0.672485  0.341844 0.471731 1 1 1.000000
no_material
0  0.038392 -0.020455 0.113887  -0.278551 -0.685688 0.672488  0.158156 0.471731 1 1 1.000000
0  0.028161 -0.020455 0.108418  -0.404387 -0.685704 0.605212  0.116663 0.449553 1 1 1.000000
0  0.006366 -0.020455 0.081860  -0.672485 -0.685691 0.278554  0.028269 0.341844 1 1 1.000000
no_material
0  0.028161 -0.020455 0.108418  -0.404387 -0.685704 0.605212  0.116663 0.449553 1 1 1.000000
0  0.019194 -0.020455 0.101059  -0.514686 -0.685707 0.514688  0.080294 0.419706 1 1 1.000000
0  0.006366 -0.020455 0.081860  -0.672485 -0.685691 0.278554  0.028269 0.341844 1 1 1.000000
no_material
0  0.019194 -0.020455 0.101059  -0.514686 -0.685707 0.514688  0.080294 0.419706 1 1 1.000000
0  0.011834 -0.020455 0.092091  -0.605205 -0.685710 0.404387  0.050447 0.383337 1 1 1.000000
0  0.006366 -0.020455 0.081860  -0.672485 -0.685691 0.278554  0.028269 0.341844 1 1 1.000000
no_material
0  0.006366 -0.020455 0.081860  -0.672485 -0.685691 0.278554  0.028269 0.341844 1 1 1.000000
0  0.002998 -0.020455 0.070759  -0.713888 -0.685710 0.142003  0.014612 0.296822 1 1 1.000000
0  0.001861 -0.020455 0.059214  -0.727894 -0.685689 0.000002  0.010000 0.250000 1 1 1.000000
no_material
0  0.001861 -0.020455 0.059214  -0.727894 -0.685689 0.000002  0.010000 0.250000 1 1 1.000000
0  0.002998 -0.020455 0.047670  -0.713889 -0.685710 -0.141999  0.014612 0.203178 1 1 1.000000
0  0.006366 -0.020455 0.036568  -0.672483 -0.685694 -0.278550  0.028269 0.158156 1 1 1.000000
no_material
0  0.006366 -0.020455 0.036568  -0.672483 -0.685694 -0.278550  0.028269 0.158156 1 1 1.000000
0  0.011834 -0.020455 0.026338  -0.605212 -0.685704 -0.404387  0.050447 0.116663 1 1 1.000000
0  0.038392 -0.020455 0.004542  -0.278555 -0.685687 -0.672488  0.158156 0.028269 1 1 1.000000
no_material
0  0.011834 -0.020455 0.026338  -0.605212 -0.685704 -0.404387  0.050447 0.116663 1 1 1.000000
0  0.019194 -0.020455 0.017370  -0.514688 -0.685707 -0.514686  0.080294 0.080294 1 1 1.000000
0  0.038392 -0.020455 0.004542  -0.278555 -0.685687 -0.672488  0.158156 0.028269 1 1 1.000000
no_material
0  0.019194 -0.020455 0.017370  -0.514688 -0.685707 -0.514686  0.080294 0.080294 1 1 1.000000
0  0.028161 -0.020455 0.010011  -0.404387 -0.685710 -0.605205  0.116663 0.050447 1 1 1.000000
0  0.038392 -0.020455 0.004542  -0.278555 -0.685687 -0.672488  0.158156 0.028269 1 1 1.000000
no_material
0  0.038392 -0.020455 0.004542  -0.278555 -0.685687 -0.672488  0.158156 0.028269 1 1 1.000000
0  0.049493 -0.020455 0.001175  -0.142004 -0.685704 -0.713894  0.203178 0.014612 1 1 1.000000
0  0.083684 -0.020455 0.004542  0.278554 -0.685682 -0.672494  0.341844 0.028269 1 1 1.000000
no_material
0  0.049493 -0.020455 0.001175  -0.142004 -0.685704 -0.713894  0.203178 0.014612 1 1 1.000000
0  0.061038 -0.020455 0.000038  -0.000002 -0.685707 -0.727878  0.250000 0.010000 1 1 1.000000
0  0.083684 -0.020455 0.004542  0.278554 -0.685682 -0.672494  0.341844 0.028269 1 1 1.000000
no_material
0  0.061038 -0.020455 0.000038  -0.000002 -0.685707 -0.727878  0.250000 0.010000 1 1 1.000000
0  0.072583 -0.020455 0.001175  0.142000 -0.685710 -0.713889  0.296822 0.014612 1 1 1.000000
0  0.083684 -0.020455 0.004542  0.278554 -0.685682 -0.672494  0.341844 0.028269 1 1 1.000000
no_material
0  0.083684 -0.020455 0.004542  0.278554 -0.685682 -0.672494  0.341844 0.028269 1 1 1.000000
0  0.093915 -0.020455 0.010011  0.404384 -0.685710 -0.605207  0.383337 0.050447 1 1 1.000000
0  0.102882 -0.020455 0.017370  0.514689 -0.685703 -0.514691  0.419706 0.080294 1 1 1.000000
no_material
0  0.102882 -0.020455 0.017370  0.514689 -0.685703 -0.514691  0.419706 0.080294 1 1 1.000000
0  0.110242 -0.020455 0.026338  0.605205 -0.685709 -0.404387  0.449553 0.116663 1 1 1.000000
0  0.115710 -0.020455 0.036568  0.672494 -0.685681 -0.278558  0.471731 0.158156 1 1 1.000000
no_material
0  0.115710 -0.020455 0.036568  0.672494 -0.685681 -0.278558  0.471731 0.158156 1 1 1.000000
0  0.119078 -0.020455 0.047670  0.713889 -0.685710 -0.142003  0.485388 0.203178 1 1 1.000000
0  0.120215 -0.020455 0.059214  0.727882 -0.685703 -0.000002  0.490000 0.250000 1 1 1.000000
no_material
0  0.120215 -0.020455 0.059214  0.727882 -0.685703 -0.000002  0.490000 0.250000 1 1 1.000000
0  0.119078 -0.020455 0.070759  0.713889 -0.685710 0.142000  0.485388 0.296822 1 1 1.000000
0  0.115710 -0.020455 0.081860  0.672493 -0.685683 0.278554  0.471731 0.341844 1 1 1.000000
no_material
0  0.115710 -0.020455 0.081860  0.672493 -0.685683 0.278554  0.471731 0.341844 1 1 1.000000
0  0.110242 -0.020455 0.092091  0.605207 -0.685710 0.404384  0.449553 0.383337 1 1 1.000000
0  0.102882 -0.020455 0.101059  0.514691 -0.685702 0.514689  0.419706 0.419706 1 1 1.000000
no_material
0  0.102882 -0.020455 0.101059  0.514691 -0.685702 0.514689  0.419706 0.419706 1 1 1.000000
0  0.093915 -0.020455 0.108418  0.404388 -0.685710 0.605204  0.383337 0.449553 1 1 1.000000
0  0.083684 -0.020455 0.113887  0.278555 -0.685690 0.672485  0.341844 0.471731 1 1 1.000000
no_material
0  0.006366 -0.020455 0.081860  -0.672485 -0.685691 0.278554  0.028269 0.341844 1 1 1.000000
0  0.001861 -0.020455 0.059214  -0.727894 -0.685689 0.000002  0.010000 0.250000 1 1 1.000000
0  0.038392 -0.020455 0.004542  -0.278555 -0.685687 -0.672488  0.158156 0.028269 1 1 1.000000
no_material
0  0.001861 -0.020455 0.059214  -0.727894 -0.685689 0.000002  0.010000 0.250000 1 1 1.000000
0  0.006366 -0.020455 0.036568  -0.672483 -0.685694 -0.278550  0.028269 0.158156 1 1 1.000000
0  0.038392 -0.020455 0.004542  -0.278555 -0.685687 -0.672488  0.158156 0.028269 1 1 1.000000
no_material
0  0.083684 -0.020455 0.004542  0.278554 -0.685682 -0.672494  0.341844 0.028269 1 1 1.000000
0  0.102882 -0.020455 0.017370  0.514689 -0.685703 -0.514691  0.419706 0.080294 1 1 1.000000
0  0.115710 -0.020455 0.036568  0.672494 -0.685681 -0.278558  0.471731 0.158156 1 1 1.000000
no_material
0  0.115710 -0.020455 0.036568  0.672494 -0.685681 -0.278558  0.471731 0.158156 1 1 1.000000
0  0.120215 -0.020455 0.059214  0.727882 -0.685703 -0.000002  0.490000 0.250000 1 1 1.000000
0  0.115710 -0.020455 0.081860  0.672493 -0.685683 0.278554  0.471731 0.341844 1 1 1.000000
no_material
0  0.115710 -0.020455 0.081860  0.672493 -0.685683 0.278554  0.471731 0.341844 1 1 1.000000
0  0.102882 -0.020455 0.101059  0.514691 -0.685702 0.514689  0.419706 0.419706 1 1 1.000000
0  0.083684 -0.020455 0.113887  0.278555 -0.685690 0.672485  0.341844 0.471731 1 1 1.000000
no_material
0  0.083684 -0.020455 0.113887  0.278555 -0.685690 0.672485  0.341844 0.471731 1 1 1.000000
0  0.038392 -0.020455 0.113887  -0.278551 -0.685688 0.672488  0.158156 0.471731 1 1 1.000000
0  0.006366 -0.020455 0.081860  -0.672485 -0.685691 0.278554  0.028269 0.341844 1 1 1.000000
no_material
0  0.038392 -0.020455 0.004542  -0.278555 -0.685687 -0.672488  0.158156 0.028269 1 1 1.000000
0  0.083684 -0.020455 0.004542  0.278554 -0.685682 -0.672494  0.341844 0.028269 1 1 1.000000
0  0.115710 -0.020455 0.036568  0.672494 -0.685681 -0.278558  0.471731 0.158156 1 1 1.000000
no_material
0  0.115710 -0.020455 0.036568  0.672494 -0.685681 -0.278558  0.471731 0.158156 1 1 1.000000
0  0.115710 -0.020455 0.081860  0.672493 -0.685683 0.278554  0.471731 0.341844 1 1 1.000000
0  0.083684 -0.020455 0.113887  0.278555 -0.685690 0.672485  0.341844 0.471731 1 1 1.000000
no_material
0  0.083684 -0.020455 0.113887  0.278555 -0.685690 0.672485  0.341844 0.471731 1 1 1.000000
0  0.006366 -0.020455 0.081860  -0.672485 -0.685691 0.278554  0.028269 0.341844 1 1 1.000000
0  0.038392 -0.020455 0.004542  -0.278555 -0.685687 -0.672488  0.158156 0.028269 1 1 1.000000
no_material
0  0.038392 0.020455 0.113887  -0.278548 0.685710 0.672468  0.062500 0.500000 1 1 1.000000
0  0.038392 -0.020455 0.113887  -0.278551 -0.685688 0.672488  0.062500 1.000000 1 1 1.000000
0  0.049493 -0.020455 0.117254  -0.142001 -0.685704 0.713895  0.031250 1.000000 1 1 1.000000
no_material
0  0.049493 0.020455 0.117254  -0.142009 0.685678 0.713918  0.031250 0.500000 1 1 1.000000
0  0.049493 -0.020455 0.117254  -0.142001 -0.685704 0.713895  0.031250 1.000000 1 1 1.000000
0  0.061038 -0.020455 0.118391  0.000001 -0.685707 0.727878  0.000000 1.000000 1 1 1.000000
no_material
0  0.049493 0.020455 0.117254  -0.142009 0.685678 0.713918  0.703178 0.485388 1 1 1.000000
0  0.061038 0.020455 0.118391  -0.000001 0.685710 0.727875  0.750000 0.490000 1 1 1.000000
0  0.072583 0.020455 0.117254  0.142001 0.685703 0.713896  0.796822 0.485388 1 1 1.000000
no_material
0  0.072583 0.020455 0.117254  0.142001 0.685703 0.713896  0.796822 0.485388 1 1 1.000000
0  0.083684 0.020455 0.113887  0.278544 0.685710 0.672470  0.841844 0.471731 1 1 1.000000
0  0.093915 0.020455 0.108418  0.404391 0.685697 0.605217  0.883337 0.449553 1 1 1.000000
no_material
0  0.093915 0.020455 0.108418  0.404391 0.685697 0.605217  0.883337 0.449553 1 1 1.000000
0  0.102882 0.020455 0.101059  0.514688 0.685704 0.514691  0.919706 0.419706 1 1 1.000000
0  0.119078 0.020455 0.070759  0.713909 0.685688 0.142007  0.985388 0.296822 1 1 1.000000
no_material
0  0.102882 0.020455 0.101059  0.514688 0.685704 0.514691  0.919706 0.419706 1 1 1.000000
0  0.110242 0.020455 0.092091  0.605208 0.685707 0.404388  0.949553 0.383337 1 1 1.000000
0  0.119078 0.020455 0.070759  0.713909 0.685688 0.142007  0.985388 0.296822 1 1 1.000000
no_material
0  0.110242 0.020455 0.092091  0.605208 0.685707 0.404388  0.949553 0.383337 1 1 1.000000
0  0.115710 0.020455 0.081860  0.672468 0.685710 0.278547  0.971731 0.341844 1 1 1.000000
0  0.119078 0.020455 0.070759  0.713909 0.685688 0.142007  0.985388 0.296822 1 1 1.000000
no_material
0  0.119078 0.020455 0.070759  0.713909 0.685688 0.142007  0.985388 0.296822 1 1 1.000000
0  0.120215 0.020455 0.059214  0.727875 0.685710 0.000002  0.990000 0.250000 1 1 1.000000
0  0.119078 0.020455 0.047670  0.713892 0.685707 -0.142000  0.985388 0.203178 1 1 1.000000
no_material
0  0.119078 0.020455 0.047670  0.713892 0.685707 -0.142000  0.985388 0.203178 1 1 1.000000
0  0.115710 0.020455 0.036568  0.672475 0.685704 -0.278546  0.971731 0.158156 1 1 1.000000
0  0.119078 0.020455 0.070759  0.713909 0.685688 0.142007  0.985388 0.296822 1 1 1.000000
no_material
0  0.115710 0.020455 0.036568  0.672475 0.685704 -0.278546  0.971731 0.158156 1 1 1.000000
0  0.110242 0.020455 0.026338  0.605224 0.685688 -0.404396  0.949553 0.116663 1 1 1.000000
0  0.119078 0.020455 0.070759  0.713909 0.685688 0.142007  0.985388 0.296822 1 1 1.000000
no_material
0  0.110242 0.020455 0.026338  0.605224 0.685688 -0.404396  0.949553 0.116663 1 1 1.000000
0  0.102882 0.020455 0.017370  0.514691 0.685704 -0.514688  0.919706 0.080294 1 1 1.000000
0  0.072583 0.020455 0.001175  0.142007 0.685689 -0.713908  0.796822 0.014612 1 1 1.000000
no_material
0  0.102882 0.020455 0.017370  0.514691 0.685704 -0.514688  0.919706 0.080294 1 1 1.000000
0  0.093915 0.020455 0.010011  0.404388 0.685707 -0.605207  0.883337 0.050447 1 1 1.000000
0  0.072583 0.020455 0.001175  0.142007 0.685689 -0.713908  0.796822 0.014612 1 1 1.000000
no_material
0  0.093915 0.020455 0.010011  0.404388 0.685707 -0.605207  0.883337 0.050447 1 1 1.000000
0  0.083684 0.020455 0.004542  0.278547 0.685710 -0.672468  0.841844 0.028269 1 1 1.000000
0  0.072583 0.020455 0.001175  0.142007 0.685689 -0.713908  0.796822 0.014612 1 1 1.000000
no_material
0  0.072583 0.020455 0.001175  0.142007 0.685689 -0.713908  0.796822 0.014612 1 1 1.000000
0  0.061038 0.020455 0.000038  0.000002 0.685710 -0.727875  0.750000 0.010000 1 1 1.000000
0  0.049493 0.020455 0.001175  -0.142004 0.685689 -0.713908  0.703178 0.014612 1 1 1.000000
no_material
0  0.049493 0.020455 0.001175  -0.142004 0.685689 -0.713908  0.703178 0.014612 1 1 1.000000
0  0.038392 0.020455 0.004542  -0.278544 0.685710 -0.672469  0.658156 0.028269 1 1 1.000000
0  0.028161 0.020455 0.010011  -0.404394 0.685691 -0.605222  0.616663 0.050447 1 1 1.000000
no_material
0  0.028161 0.020455 0.010011  -0.404394 0.685691 -0.605222  0.616663 0.050447 1 1 1.000000
0  0.019194 0.020455 0.017370  -0.514684 0.685710 -0.514686  0.580294 0.080294 1 1 1.000000
0  0.011834 0.020455 0.026338  -0.605211 0.685703 -0.404391  0.550447 0.116663 1 1 1.000000
no_material
0  0.011834 0.020455 0.026338  -0.605211 0.685703 -0.404391  0.550447 0.116663 1 1 1.000000
0  0.006366 0.020455 0.036568  -0.672468 0.685710 -0.278548  0.528269 0.158156 1 1 1.000000
0  0.002998 0.020455 0.047670  -0.713911 0.685686 -0.142007  0.514612 0.203178 1 1 1.000000
no_material
0  0.002998 0.020455 0.047670  -0.713911 0.685686 -0.142007  0.514612 0.203178 1 1 1.000000
0  0.001861 0.020455 0.059214  -0.727875 0.685710 -0.000002  0.510000 0.250000 1 1 1.000000
0  0.002998 0.020455 0.070759  -0.713908 0.685689 0.142003  0.514612 0.296822 1 1 1.000000
no_material
0  0.002998 0.020455 0.070759  -0.713908 0.685689 0.142003  0.514612 0.296822 1 1 1.000000
0  0.006366 0.020455 0.081860  -0.672469 0.685710 0.278544  0.528269 0.341844 1 1 1.000000
0  0.011834 0.020455 0.092091  -0.605221 0.685691 0.404394  0.550447 0.383337 1 1 1.000000
no_material
0  0.011834 0.020455 0.092091  -0.605221 0.685691 0.404394  0.550447 0.383337 1 1 1.000000
0  0.019194 0.020455 0.101059  -0.514686 0.685710 0.514684  0.580294 0.419706 1 1 1.000000
0  0.028161 0.020455 0.108418  -0.404391 0.685703 0.605210  0.616663 0.449553 1 1 1.000000
no_material
0  0.028161 0.020455 0.108418  -0.404391 0.685703 0.605210  0.616663 0.449553 1 1 1.000000
0  0.038392 0.020455 0.113887  -0.278548 0.685710 0.672468  0.658156 0.471731 1 1 1.000000
0  0.049493 0.020455 0.117254  -0.142009 0.685678 0.713918  0.703178 0.485388 1 1 1.000000
no_material
0  0.049493 0.020455 0.117254  -0.142009 0.685678 0.713918  0.703178 0.485388 1 1 1.000000
0  0.072583 0.020455 0.117254  0.142001 0.685703 0.713896  0.796822 0.485388 1 1 1.000000
0  0.093915 0.020455 0.108418  0.404391 0.685697 0.605217  0.883337 0.449553 1 1 1.000000
no_material
0  0.072583 0.020455 0.001175  0.142007 0.685689 -0.713908  0.796822 0.014612 1 1 1.000000
0  0.049493 0.020455 0.001175  -0.142004 0.685689 -0.713908  0.703178 0.014612 1 1 1.000000
0  0.002998 0.020455 0.047670  -0.713911 0.685686 -0.142007  0.514612 0.203178 1 1 1.000000
no_material
0  0.049493 0.020455 0.001175  -0.142004 0.685689 -0.713908  0.703178 0.014612 1 1 1.000000
0  0.028161 0.020455 0.010011  -0.404394 0.685691 -0.605222  0.616663 0.050447 1 1 1.000000
0  0.002998 0.020455 0.047670  -0.713911 0.685686 -0.142007  0.514612 0.203178 1 1 1.000000
no_material
0  0.028161 0.020455 0.010011  -0.404394 0.685691 -0.605222  0.616663 0.050447 1 1 1.000000
0  0.011834 0.020455 0.026338  -0.605211 0.685703 -0.404391  0.550447 0.116663 1 1 1.000000
0  0.002998 0.020455 0.047670  -0.713911 0.685686 -0.142007  0.514612 0.203178 1 1 1.000000
no_material
0  0.002998 0.020455 0.047670  -0.713911 0.685686 -0.142007  0.514612 0.203178 1 1 1.000000
0  0.002998 0.020455 0.070759  -0.713908 0.685689 0.142003  0.514612 0.296822 1 1 1.000000
0  0.049493 0.020455 0.117254  -0.142009 0.685678 0.713918  0.703178 0.485388 1 1 1.000000
no_material
0  0.002998 0.020455 0.070759  -0.713908 0.685689 0.142003  0.514612 0.296822 1 1 1.000000
0  0.011834 0.020455 0.092091  -0.605221 0.685691 0.404394  0.550447 0.383337 1 1 1.000000
0  0.049493 0.020455 0.117254  -0.142009 0.685678 0.713918  0.703178 0.485388 1 1 1.000000
no_material
0  0.011834 0.020455 0.092091  -0.605221 0.685691 0.404394  0.550447 0.383337 1 1 1.000000
0  0.028161 0.020455 0.108418  -0.404391 0.685703 0.605210  0.616663 0.449553 1 1 1.000000
0  0.049493 0.020455 0.117254  -0.142009 0.685678 0.713918  0.703178 0.485388 1 1 1.000000
no_material
0  0.049493 0.020455 0.117254  -0.142009 0.685678 0.713918  0.703178 0.485388 1 1 1.000000
0  0.093915 0.020455 0.108418  0.404391 0.685697 0.605217  0.883337 0.449553 1 1 1.000000
0  0.072583 0.020455 0.001175  0.142007 0.685689 -0.713908  0.796822 0.014612 1 1 1.000000
no_material
0  0.093915 0.020455 0.108418  0.404391 0.685697 0.605217  0.883337 0.449553 1 1 1.000000
0  0.119078 0.020455 0.070759  0.713909 0.685688 0.142007  0.985388 0.296822 1 1 1.000000
0  0.072583 0.020455 0.001175  0.142007 0.685689 -0.713908  0.796822 0.014612 1 1 1.000000
no_material
0  0.119078 0.020455 0.070759  0.713909 0.685688 0.142007  0.985388 0.296822 1 1 1.000000
0  0.110242 0.020455 0.026338  0.605224 0.685688 -0.404396  0.949553 0.116663 1 1 1.000000
0  0.072583 0.020455 0.001175  0.142007 0.685689 -0.713908  0.796822 0.014612 1 1 1.000000
no_material
0  -0.063402 0.020455 0.118391  -0.000001 0.685710 0.727875  1.000000 0.500000 1 1 1.000000
0  -0.063402 -0.020455 0.118391  0.000001 -0.685707 0.727878  1.000000 1.000000 1 1 1.000000
0  -0.051857 -0.020455 0.117254  0.142003 -0.685710 0.713888  0.968750 1.000000 1 1 1.000000
no_material
0  -0.051857 0.020455 0.117254  0.142001 0.685703 0.713896  0.968750 0.500000 1 1 1.000000
0  -0.051857 -0.020455 0.117254  0.142003 -0.685710 0.713888  0.968750 1.000000 1 1 1.000000
0  -0.040756 -0.020455 0.113887  0.278562 -0.685669 0.672503  0.937500 1.000000 1 1 1.000000
no_material
0  -0.040756 0.020455 0.113887  0.278544 0.685710 0.672470  0.937500 0.500000 1 1 1.000000
0  -0.040756 -0.020455 0.113887  0.278562 -0.685669 0.672503  0.937500 1.000000 1 1 1.000000
0  -0.030525 -0.020455 0.108418  0.404391 -0.685704 0.605210  0.906250 1.000000 1 1 1.000000
no_material
0  -0.030525 0.020455 0.108418  0.404393 0.685693 0.605220  0.906250 0.500000 1 1 1.000000
0  -0.030525 -0.020455 0.108418  0.404391 -0.685704 0.605210  0.906250 1.000000 1 1 1.000000
0  -0.021557 -0.020455 0.101059  0.514688 -0.685707 0.514686  0.875000 1.000000 1 1 1.000000
no_material
0  -0.021557 0.020455 0.101059  0.514683 0.685710 0.514687  0.875000 0.500000 1 1 1.000000
0  -0.021557 -0.020455 0.101059  0.514688 -0.685707 0.514686  0.875000 1.000000 1 1 1.000000
0  -0.014198 -0.020455 0.092091  0.605207 -0.685710 0.404384  0.843750 1.000000 1 1 1.000000
no_material
0  -0.014198 0.020455 0.092091  0.605207 0.685707 0.404388  0.843750 0.500000 1 1 1.000000
0  -0.014198 -0.020455 0.092091  0.605207 -0.685710 0.404384  0.843750 1.000000 1 1 1.000000
0  -0.008729 -0.020455 0.081860  0.672486 -0.685690 0.278551  0.812500 1.000000 1 1 1.000000
no_material
0  -0.008729 0.020455 0.081860  0.672474 0.685704 0.278549  0.812500 0.500000 1 1 1.000000
0  -0.008729 -0.020455 0.081860  0.672486 -0.685690 0.278551  0.812500 1.000000 1 1 1.000000
0  -0.005362 -0.020455 0.070759  0.713889 -0.685710 0.142000  0.781250 1.000000 1 1 1.000000
no_material
0  -0.005362 0.020455 0.070759  0.713902 0.685695 0.142005  0.781250 0.500000 1 1 1.000000
0  -0.005362 -0.020455 0.070759  0.713889 -0.685710 0.142000  0.781250 1.000000 1 1 1.000000
0  -0.004225 -0.020455 0.059214  0.727894 -0.685690 -0.000002  0.750000 1.000000 1 1 1.000000
no_material
0  -0.004225 0.020455 0.059214  0.727880 0.685704 0.000002  0.750000 0.500000 1 1 1.000000
0  -0.004225 -0.020455 0.059214  0.727894 -0.685690 -0.000002  0.750000 1.000000 1 1 1.000000
0  -0.005362 -0.020455 0.047670  0.713889 -0.685710 -0.142002  0.718750 1.000000 1 1 1.000000
no_material
0  -0.005362 0.020455 0.047670  0.713892 0.685707 -0.142000  0.718750 0.500000 1 1 1.000000
0  -0.005362 -0.020455 0.047670  0.713889 -0.685710 -0.142002  0.718750 1.000000 1 1 1.000000
0  -0.008729 -0.020455 0.036568  0.672464 -0.685714 -0.278545  0.687500 1.000000 1 1 1.000000
no_material
0  -0.008729 0.020455 0.036568  0.672469 0.685710 -0.278545  0.687500 0.500000 1 1 1.000000
0  -0.008729 -0.020455 0.036568  0.672464 -0.685714 -0.278545  0.687500 1.000000 1 1 1.000000
0  -0.014198 -0.020455 0.026338  0.605205 -0.685710 -0.404387  0.656250 1.000000 1 1 1.000000
no_material
0  -0.014198 0.020455 0.026338  0.605227 0.685685 -0.404398  0.656250 0.500000 1 1 1.000000
0  -0.014198 -0.020455 0.026338  0.605205 -0.685710 -0.404387  0.656250 1.000000 1 1 1.000000
0  -0.021557 -0.020455 0.017370  0.514698 -0.685689 -0.514700  0.625000 1.000000 1 1 1.000000
no_material
0  -0.021557 0.020455 0.017370  0.514691 0.685704 -0.514688  0.625000 0.500000 1 1 1.000000
0  -0.021557 -0.020455 0.017370  0.514698 -0.685689 -0.514700  0.625000 1.000000 1 1 1.000000
0  -0.030525 -0.020455 0.010011  0.404384 -0.685710 -0.605207  0.593750 1.000000 1 1 1.000000
no_material
0  -0.030525 0.020455 0.010011  0.404388 0.685707 -0.605207  0.593750 0.500000 1 1 1.000000
0  -0.030525 -0.020455 0.010011  0.404384 -0.685710 -0.605207  0.593750 1.000000 1 1 1.000000
0  -0.040756 -0.020455 0.004542  0.278551 -0.685690 -0.672487  0.562500 1.000000 1 1 1.000000
no_material
0  -0.040756 0.020455 0.004542  0.278547 0.685710 -0.672468  0.562500 0.500000 1 1 1.000000
0  -0.040756 -0.020455 0.004542  0.278551 -0.685690 -0.672487  0.562500 1.000000 1 1 1.000000
0  -0.051857 -0.020455 0.001175  0.142000 -0.685710 -0.713889  0.531250 1.000000 1 1 1.000000
no_material
0  -0.051857 0.020455 0.001175  0.142010 0.685670 -0.713925  0.531250 0.500000 1 1 1.000000
0  -0.051857 -0.020455 0.001175  0.142000 -0.685710 -0.713889  0.531250 1.000000 1 1 1.000000
0  -0.063402 -0.020455 0.000038  -0.000002 -0.685707 -0.727878  0.500000 1.000000 1 1 1.000000
no_material
0  -0.063402 0.020455 0.000038  0.000002 0.685710 -0.727875  0.500000 0.500000 1 1 1.000000
0  -0.063402 -0.020455 0.000038  -0.000002 -0.685707 -0.727878  0.500000 1.000000 1 1 1.000000
0  -0.074946 -0.020455 0.001175  -0.142004 -0.685704 -0.713894  0.468750 1.000000 1 1 1.000000
no_material
0  -0.074946 0.020455 0.001175  -0.142001 0.685703 -0.713896  0.468750 0.500000 1 1 1.000000
0  -0.074946 -0.020455 0.001175  -0.142004 -0.685704 -0.713894  0.468750 1.000000 1 1 1.000000
0  -0.086048 -0.020455 0.004542  -0.278555 -0.685689 -0.672487  0.437500 1.000000 1 1 1.000000
no_material
0  -0.086048 0.020455 0.004542  -0.278544 0.685710 -0.672469  0.437500 0.500000 1 1 1.000000
0  -0.086048 -0.020455 0.004542  -0.278555 -0.685689 -0.672487  0.437500 1.000000 1 1 1.000000
0  -0.096278 -0.020455 0.010011  -0.404387 -0.685710 -0.605205  0.406250 1.000000 1 1 1.000000
no_material
0  -0.096278 0.020455 0.010011  -0.404391 0.685697 -0.605217  0.406250 0.500000 1 1 1.000000
0  -0.096278 -0.020455 0.010011  -0.404387 -0.685710 -0.605205  0.406250 1.000000 1 1 1.000000
0  -0.105246 -0.020455 0.017370  -0.514700 -0.685690 -0.514698  0.375000 1.000000 1 1 1.000000
no_material
0  -0.105246 0.020455 0.017370  -0.514688 0.685704 -0.514691  0.375000 0.500000 1 1 1.000000
0  -0.105246 -0.020455 0.017370  -0.514700 -0.685690 -0.514698  0.375000 1.000000 1 1 1.000000
0  -0.112605 -0.020455 0.026338  -0.605207 -0.685710 -0.404385  0.343750 1.000000 1 1 1.000000
no_material
0  -0.112605 0.020455 0.026338  -0.605207 0.685707 -0.404389  0.343750 0.500000 1 1 1.000000
0  -0.112605 -0.020455 0.026338  -0.605207 -0.685710 -0.404385  0.343750 1.000000 1 1 1.000000
0  -0.118074 -0.020455 0.036568  -0.672484 -0.685694 -0.278550  0.312500 1.000000 1 1 1.000000
no_material
0  -0.118074 0.020455 0.036568  -0.672468 0.685710 -0.278548  0.312500 0.500000 1 1 1.000000
0  -0.118074 -0.020455 0.036568  -0.672484 -0.685694 -0.278550  0.312500 1.000000 1 1 1.000000
0  -0.121441 -0.020455 0.047670  -0.713895 -0.685704 -0.142001  0.281250 1.000000 1 1 1.000000
no_material
0  -0.121441 0.020455 0.047670  -0.713897 0.685701 -0.142005  0.281250 0.500000 1 1 1.000000
0  -0.121441 -0.020455 0.047670  -0.713895 -0.685704 -0.142001  0.281250 1.000000 1 1 1.000000
0  -0.122578 -0.020455 0.059214  -0.727878 -0.685707 0.000002  0.250000 1.000000 1 1 1.000000
no_material
0  -0.122578 0.020455 0.059214  -0.727875 0.685710 -0.000002  0.250000 0.500000 1 1 1.000000
0  -0.122578 -0.020455 0.059214  -0.727878 -0.685707 0.000002  0.250000 1.000000 1 1 1.000000
0  -0.121441 -0.020455 0.070759  -0.713888 -0.685711 0.142003  0.218750 1.000000 1 1 1.000000
no_material
0  -0.121441 0.020455 0.070759  -0.713908 0.685689 0.142004  0.218750 0.500000 1 1 1.000000
0  -0.121441 -0.020455 0.070759  -0.713888 -0.685711 0.142003  0.218750 1.000000 1 1 1.000000
0  -0.118074 -0.020455 0.081860  -0.672481 -0.685695 0.278552  0.187500 1.000000 1 1 1.000000
no_material
0  -0.118074 0.020455 0.081860  -0.672469 0.685710 0.278544  0.187500 0.500000 1 1 1.000000
0  -0.118074 -0.020455 0.081860  -0.672481 -0.685695 0.278552  0.187500 1.000000 1 1 1.000000
0  -0.112605 -0.020455 0.092091  -0.605205 -0.685710 0.404387  0.156250 1.000000 1 1 1.000000
no_material
0  -0.112605 0.020455 0.092091  -0.605219 0.685694 0.404393  0.156250 0.500000 1 1 1.000000
0  -0.112605 -0.020455 0.092091  -0.605205 -0.685710 0.404387  0.156250 1.000000 1 1 1.000000
0  -0.105246 -0.020455 0.101059  -0.514698 -0.685689 0.514700  0.125000 1.000000 1 1 1.000000
no_material
0  -0.105246 0.020455 0.101059  -0.514690 0.685704 0.514689  0.125000 0.500000 1 1 1.000000
0  -0.105246 -0.020455 0.101059  -0.514698 -0.685689 0.514700  0.125000 1.000000 1 1 1.000000
0  -0.096278 -0.020455 0.108418  -0.404384 -0.685710 0.605207  0.093750 1.000000 1 1 1.000000
no_material
0  -0.096278 0.020455 0.108418  -0.404389 0.685707 0.605207  0.093750 0.500000 1 1 1.000000
0  -0.096278 -0.020455 0.108418  -0.404384 -0.685710 0.605207  0.093750 1.000000 1 1 1.000000
0  -0.086048 -0.020455 0.113887  -0.278550 -0.685694 0.672484  0.062500 1.000000 1 1 1.000000
no_material
0  -0.040756 -0.020455 0.113887  0.278562 -0.685669 0.672503  0.341844 0.471731 1 1 1.000000
0  -0.051857 -0.020455 0.117254  0.142003 -0.685710 0.713888  0.296822 0.485388 1 1 1.000000
0  -0.063402 -0.020455 0.118391  0.000001 -0.685707 0.727878  0.250000 0.490000 1 1 1.000000
no_material
0  -0.063402 -0.020455 0.118391  0.000001 -0.685707 0.727878  0.250000 0.490000 1 1 1.000000
0  -0.074946 -0.020455 0.117254  -0.142001 -0.685704 0.713895  0.203178 0.485388 1 1 1.000000
0  -0.040756 -0.020455 0.113887  0.278562 -0.685669 0.672503  0.341844 0.471731 1 1 1.000000
no_material
0  -0.074946 -0.020455 0.117254  -0.142001 -0.685704 0.713895  0.203178 0.485388 1 1 1.000000
0  -0.086048 -0.020455 0.113887  -0.278550 -0.685694 0.672484  0.158156 0.471731 1 1 1.000000
0  -0.040756 -0.020455 0.113887  0.278562 -0.685669 0.672503  0.341844 0.471731 1 1 1.000000
no_material
0  -0.086048 -0.020455 0.113887  -0.278550 -0.685694 0.672484  0.158156 0.471731 1 1 1.000000
0  -0.096278 -0.020455 0.108418  -0.404384 -0.685710 0.605207  0.116663 0.449553 1 1 1.000000
0  -0.105246 -0.020455 0.101059  -0.514698 -0.685689 0.514700  0.080294 0.419706 1 1 1.000000
no_material
0  -0.105246 -0.020455 0.101059  -0.514698 -0.685689 0.514700  0.080294 0.419706 1 1 1.000000
0  -0.112605 -0.020455 0.092091  -0.605205 -0.685710 0.404387  0.050447 0.383337 1 1 1.000000
0  -0.118074 -0.020455 0.081860  -0.672481 -0.685695 0.278552  0.028269 0.341844 1 1 1.000000
no_material
0  -0.118074 -0.020455 0.081860  -0.672481 -0.685695 0.278552  0.028269 0.341844 1 1 1.000000
0  -0.121441 -0.020455 0.070759  -0.713888 -0.685711 0.142003  0.014612 0.296822 1 1 1.000000
0  -0.122578 -0.020455 0.059214  -0.727878 -0.685707 0.000002  0.010000 0.250000 1 1 1.000000
no_material
0  -0.122578 -0.020455 0.059214  -0.727878 -0.685707 0.000002  0.010000 0.250000 1 1 1.000000
0  -0.121441 -0.020455 0.047670  -0.713895 -0.685704 -0.142001  0.014612 0.203178 1 1 1.000000
0  -0.118074 -0.020455 0.081860  -0.672481 -0.685695 0.278552  0.028269 0.341844 1 1 1.000000
no_material
0  -0.121441 -0.020455 0.047670  -0.713895 -0.685704 -0.142001  0.014612 0.203178 1 1 1.000000
0  -0.118074 -0.020455 0.036568  -0.672484 -0.685694 -0.278550  0.028269 0.158156 1 1 1.000000
0  -0.118074 -0.020455 0.081860  -0.672481 -0.685695 0.278552  0.028269 0.341844 1 1 1.000000
no_material
0  -0.118074 -0.020455 0.036568  -0.672484 -0.685694 -0.278550  0.028269 0.158156 1 1 1.000000
0  -0.112605 -0.020455 0.026338  -0.605207 -0.685710 -0.404385  0.050447 0.116663 1 1 1.000000
0  -0.105246 -0.020455 0.017370  -0.514700 -0.685690 -0.514698  0.080294 0.080294 1 1 1.000000
no_material
0  -0.105246 -0.020455 0.017370  -0.514700 -0.685690 -0.514698  0.080294 0.080294 1 1 1.000000
0  -0.096278 -0.020455 0.010011  -0.404387 -0.685710 -0.605205  0.116663 0.050447 1 1 1.000000
0  -0.086048 -0.020455 0.004542  -0.278555 -0.685689 -0.672487  0.158156 0.028269 1 1 1.000000
no_material
0  -0.086048 -0.020455 0.004542  -0.278555 -0.685689 -0.672487  0.158156 0.028269 1 1 1.000000
0  -0.074946 -0.020455 0.001175  -0.142004 -0.685704 -0.713894  0.203178 0.014612 1 1 1.000000
0  -0.040756 -0.020455 0.004542  0.278551 -0.685690 -0.672487  0.341844 0.028269 1 1 1.000000
no_material
0  -0.074946 -0.020455 0.001175  -0.142004 -0.685704 -0.713894  0.203178 0.014612 1 1 1.000000
0  -0.063402 -0.020455 0.000038  -0.000002 -0.685707 -0.727878  0.250000 0.010000 1 1 1.000000
0  -0.040756 -0.020455 0.004542  0.278551 -0.685690 -0.672487  0.341844 0.028269 1 1 1.000000
no_material
0  -0.063402 -0.020455 0.000038  -0.000002 -0.685707 -0.727878  0.250000 0.010000 1 1 1.000000
0  -0.051857 -0.020455 0.001175  0.142000 -0.685710 -0.713889  0.296822 0.014612 1 1 1.000000
0  -0.040756 -0.020455 0.004542  0.278551 -0.685690 -0.672487  0.341844 0.028269 1 1 1.000000
no_material
0  -0.040756 -0.020455 0.004542  0.278551 -0.685690 -0.672487  0.341844 0.028269 1 1 1.000000
0  -0.030525 -0.020455 0.010011  0.404384 -0.685710 -0.605207  0.383337 0.050447 1 1 1.000000
0  -0.021557 -0.020455 0.017370  0.514698 -0.685689 -0.514700  0.419706 0.080294 1 1 1.000000
no_material
0  -0.021557 -0.020455 0.017370  0.514698 -0.685689 -0.514700  0.419706 0.080294 1 1 1.000000
0  -0.014198 -0.020455 0.026338  0.605205 -0.685710 -0.404387  0.449553 0.116663 1 1 1.000000
0  -0.008729 -0.020455 0.036568  0.672464 -0.685714 -0.278545  0.471731 0.158156 1 1 1.000000
no_material
0  -0.008729 -0.020455 0.036568  0.672464 -0.685714 -0.278545  0.471731 0.158156 1 1 1.000000
0  -0.005362 -0.020455 0.047670  0.713889 -0.685710 -0.142002  0.485388 0.203178 1 1 1.000000
0  -0.004225 -0.020455 0.059214  0.727894 -0.685690 -0.000002  0.490000 0.250000 1 1 1.000000
no_material
0  -0.004225 -0.020455 0.059214  0.727894 -0.685690 -0.000002  0.490000 0.250000 1 1 1.000000
0  -0.005362 -0.020455 0.070759  0.713889 -0.685710 0.142000  0.485388 0.296822 1 1 1.000000
0  -0.008729 -0.020455 0.081860  0.672486 -0.685690 0.278551  0.471731 0.341844 1 1 1.000000
no_material
0  -0.008729 -0.020455 0.081860  0.672486 -0.685690 0.278551  0.471731 0.341844 1 1 1.000000
0  -0.014198 -0.020455 0.092091  0.605207 -0.685710 0.404384  0.449553 0.383337 1 1 1.000000
0  -0.021557 -0.020455 0.101059  0.514688 -0.685707 0.514686  0.419706 0.419706 1 1 1.000000
no_material
0  -0.021557 -0.020455 0.101059  0.514688 -0.685707 0.514686  0.419706 0.419706 1 1 1.000000
0  -0.030525 -0.020455 0.108418  0.404391 -0.685704 0.605210  0.383337 0.449553 1 1 1.000000
0  -0.008729 -0.020455 0.081860  0.672486 -0.685690 0.278551  0.471731 0.341844 1 1 1.000000
no_material
0  -0.030525 -0.020455 0.108418  0.404391 -0.685704 0.605210  0.383337 0.449553 1 1 1.000000
0  -0.040756 -0.020455 0.113887  0.278562 -0.685669 0.672503  0.341844 0.471731 1 1 1.000000
0  -0.008729 -0.020455 0.081860  0.672486 -0.685690 0.278551  0.471731 0.341844 1 1 1.000000
no_material
0  -0.086048 -0.020455 0.113887  -0.278550 -0.685694 0.672484  0.158156 0.471731 1 1 1.000000
0  -0.105246 -0.020455 0.101059  -0.514698 -0.685689 0.514700  0.080294 0.419706 1 1 1.000000
0  -0.040756 -0.020455 0.113887  0.278562 -0.685669 0.672503  0.341844 0.471731 1 1 1.000000
no_material
0  -0.105246 -0.020455 0.101059  -0.514698 -0.685689 0.514700  0.080294 0.419706 1 1 1.000000
0  -0.118074 -0.020455 0.081860  -0.672481 -0.685695 0.278552  0.028269 0.341844 1 1 1.000000
0  -0.040756 -0.020455 0.113887  0.278562 -0.685669 0.672503  0.341844 0.471731 1 1 1.000000
no_material
0  -0.118074 -0.020455 0.036568  -0.672484 -0.685694 -0.278550  0.028269 0.158156 1 1 1.000000
0  -0.105246 -0.020455 0.017370  -0.514700 -0.685690 -0.514698  0.080294 0.080294 1 1 1.000000
0  -0.118074 -0.020455 0.081860  -0.672481 -0.685695 0.278552  0.028269 0.341844 1 1 1.000000
no_material
0  -0.105246 -0.020455 0.017370  -0.514700 -0.685690 -0.514698  0.080294 0.080294 1 1 1.000000
0  -0.086048 -0.020455 0.004542  -0.278555 -0.685689 -0.672487  0.158156 0.028269 1 1 1.000000
0  -0.118074 -0.020455 0.081860  -0.672481 -0.685695 0.278552  0.028269 0.341844 1 1 1.000000
no_material
0  -0.040756 -0.020455 0.004542  0.278551 -0.685690 -0.672487  0.341844 0.028269 1 1 1.000000
0  -0.021557 -0.020455 0.017370  0.514698 -0.685689 -0.514700  0.419706 0.080294 1 1 1.000000
0  -0.086048 -0.020455 0.004542  -0.278555 -0.685689 -0.672487  0.158156 0.028269 1 1 1.000000
no_material
0  -0.021557 -0.020455 0.017370  0.514698 -0.685689 -0.514700  0.419706 0.080294 1 1 1.000000
0  -0.008729 -0.020455 0.036568  0.672464 -0.685714 -0.278545  0.471731 0.158156 1 1 1.000000
0  -0.086048 -0.020455 0.004542  -0.278555 -0.685689 -0.672487  0.158156 0.028269 1 1 1.000000
no_material
0  -0.008729 -0.020455 0.036568  0.672464 -0.685714 -0.278545  0.471731 0.158156 1 1 1.000000
0  -0.004225 -0.020455 0.059214  0.727894 -0.685690 -0.000002  0.490000 0.250000 1 1 1.000000
0  -0.040756 -0.020455 0.113887  0.278562 -0.685669 0.672503  0.341844 0.471731 1 1 1.000000
no_material
0  -0.004225 -0.020455 0.059214  0.727894 -0.685690 -0.000002  0.490000 0.250000 1 1 1.000000
0  -0.008729 -0.020455 0.081860  0.672486 -0.685690 0.278551  0.471731 0.341844 1 1 1.000000
0  -0.040756 -0.020455 0.113887  0.278562 -0.685669 0.672503  0.341844 0.471731 1 1 1.000000
no_material
0  -0.040756 -0.020455 0.113887  0.278562 -0.685669 0.672503  0.341844 0.471731 1 1 1.000000
0  -0.118074 -0.020455 0.081860  -0.672481 -0.685695 0.278552  0.028269 0.341844 1 1 1.000000
0  -0.008729 -0.020455 0.036568  0.672464 -0.685714 -0.278545  0.471731 0.158156 1 1 1.000000
no_material
0  -0.086048 0.020455 0.113887  -0.278548 0.685710 0.672468  0.062500 0.500000 1 1 1.000000
0  -0.086048 -0.020455 0.113887  -0.278550 -0.685694 0.672484  0.062500 1.000000 1 1 1.000000
0  -0.074946 -0.020455 0.117254  -0.142001 -0.685704 0.713895  0.031250 1.000000 1 1 1.000000
no_material
0  -0.074946 0.020455 0.117254  -0.142011 0.685664 0.713931  0.031250 0.500000 1 1 1.000000
0  -0.074946 -0.020455 0.117254  -0.142001 -0.685704 0.713895  0.031250 1.000000 1 1 1.000000
0  -0.063402 -0.020455 0.118391  0.000001 -0.685707 0.727878  0.000000 1.000000 1 1 1.000000
no_material
0  -0.074946 0.020455 0.117254  -0.142011 0.685664 0.713931  0.703178 0.485388 1 1 1.000000
0  -0.063402 0.020455 0.118391  -0.000001 0.685710 0.727875  0.750000 0.490000 1 1 1.000000
0  -0.051857 0.020455 0.117254  0.142001 0.685703 0.713896  0.796822 0.485388 1 1 1.000000
no_material
0  -0.051857 0.020455 0.117254  0.142001 0.685703 0.713896  0.796822 0.485388 1 1 1.000000
0  -0.040756 0.020455 0.113887  0.278544 0.685710 0.672470  0.841844 0.471731 1 1 1.000000
0  -0.030525 0.020455 0.108418  0.404393 0.685693 0.605220  0.883337 0.449553 1 1 1.000000
no_material
0  -0.030525 0.020455 0.108418  0.404393 0.685693 0.605220  0.883337 0.449553 1 1 1.000000
0  -0.021557 0.020455 0.101059  0.514683 0.685710 0.514687  0.919706 0.419706 1 1 1.000000
0  -0.014198 0.020455 0.092091  0.605207 0.685707 0.404388  0.949553 0.383337 1 1 1.000000
no_material
0  -0.014198 0.020455 0.092091  0.605207 0.685707 0.404388  0.949553 0.383337 1 1 1.000000
0  -0.008729 0.020455 0.081860  0.672474 0.685704 0.278549  0.971731 0.341844 1 1 1.000000
0  -0.030525 0.020455 0.108418  0.404393 0.685693 0.605220  0.883337 0.449553 1 1 1.000000
no_material
0  -0.008729 0.020455 0.081860  0.672474 0.685704 0.278549  0.971731 0.341844 1 1 1.000000
0  -0.005362 0.020455 0.070759  0.713902 0.685695 0.142005  0.985388 0.296822 1 1 1.000000
0  -0.030525 0.020455 0.108418  0.404393 0.685693 0.605220  0.883337 0.449553 1 1 1.000000
no_material
0  -0.005362 0.020455 0.070759  0.713902 0.685695 0.142005  0.985388 0.296822 1 1 1.000000
0  -0.004225 0.020455 0.059214  0.727880 0.685704 0.000002  0.990000 0.250000 1 1 1.000000
0  -0.014198 0.020455 0.026338  0.605227 0.685685 -0.404398  0.949553 0.116663 1 1 1.000000
no_material
0  -0.004225 0.020455 0.059214  0.727880 0.685704 0.000002  0.990000 0.250000 1 1 1.000000
0  -0.005362 0.020455 0.047670  0.713892 0.685707 -0.142000  0.985388 0.203178 1 1 1.000000
0  -0.014198 0.020455 0.026338  0.605227 0.685685 -0.404398  0.949553 0.116663 1 1 1.000000
no_material
0  -0.005362 0.020455 0.047670  0.713892 0.685707 -0.142000  0.985388 0.203178 1 1 1.000000
0  -0.008729 0.020455 0.036568  0.672469 0.685710 -0.278545  0.971731 0.158156 1 1 1.000000
0  -0.014198 0.020455 0.026338  0.605227 0.685685 -0.404398  0.949553 0.116663 1 1 1.000000
no_material
0  -0.014198 0.020455 0.026338  0.605227 0.685685 -0.404398  0.949553 0.116663 1 1 1.000000
0  -0.021557 0.020455 0.017370  0.514691 0.685704 -0.514688  0.919706 0.080294 1 1 1.000000
0  -0.051857 0.020455 0.001175  0.142010 0.685670 -0.713925  0.796822 0.014612 1 1 1.000000
no_material
0  -0.021557 0.020455 0.017370  0.514691 0.685704 -0.514688  0.919706 0.080294 1 1 1.000000
0  -0.030525 0.020455 0.010011  0.404388 0.685707 -0.605207  0.883337 0.050447 1 1 1.000000
0  -0.051857 0.020455 0.001175  0.142010 0.685670 -0.713925  0.796822 0.014612 1 1 1.000000
no_material
0  -0.030525 0.020455 0.010011  0.404388 0.685707 -0.605207  0.883337 0.050447 1 1 1.000000
0  -0.040756 0.020455 0.004542  0.278547 0.685710 -0.672468  0.841844 0.028269 1 1 1.000000
0  -0.051857 0.020455 0.001175  0.142010 0.685670 -0.713925  0.796822 0.014612 1 1 1.000000
no_material
0  -0.051857 0.020455 0.001175  0.142010 0.685670 -0.713925  0.796822 0.014612 1 1 1.000000
0  -0.063402 0.020455 0.000038  0.000002 0.685710 -0.727875  0.750000 0.010000 1 1 1.000000
0  -0.074946 0.020455 0.001175  -0.142001 0.685703 -0.713896  0.703178 0.014612 1 1 1.000000
no_material
0  -0.074946 0.020455 0.001175  -0.142001 0.685703 -0.713896  0.703178 0.014612 1 1 1.000000
0  -0.086048 0.020455 0.004542  -0.278544 0.685710 -0.672469  0.658156 0.028269 1 1 1.000000
0  -0.096278 0.020455 0.010011  -0.404391 0.685697 -0.605217  0.616663 0.050447 1 1 1.000000
no_material
0  -0.096278 0.020455 0.010011  -0.404391 0.685697 -0.605217  0.616663 0.050447 1 1 1.000000
0  -0.105246 0.020455 0.017370  -0.514688 0.685704 -0.514691  0.580294 0.080294 1 1 1.000000
0  -0.121441 0.020455 0.047670  -0.713897 0.685701 -0.142005  0.514612 0.203178 1 1 1.000000
no_material
0  -0.105246 0.020455 0.017370  -0.514688 0.685704 -0.514691  0.580294 0.080294 1 1 1.000000
0  -0.112605 0.020455 0.026338  -0.605207 0.685707 -0.404389  0.550447 0.116663 1 1 1.000000
0  -0.121441 0.020455 0.047670  -0.713897 0.685701 -0.142005  0.514612 0.203178 1 1 1.000000
no_material
0  -0.112605 0.020455 0.026338  -0.605207 0.685707 -0.404389  0.550447 0.116663 1 1 1.000000
0  -0.118074 0.020455 0.036568  -0.672468 0.685710 -0.278548  0.528269 0.158156 1 1 1.000000
0  -0.121441 0.020455 0.047670  -0.713897 0.685701 -0.142005  0.514612 0.203178 1 1 1.000000
no_material
0  -0.121441 0.020455 0.047670  -0.713897 0.685701 -0.142005  0.514612 0.203178 1 1 1.000000
0  -0.122578 0.020455 0.059214  -0.727875 0.685710 -0.000002  0.510000 0.250000 1 1 1.000000
0  -0.121441 0.020455 0.070759  -0.713908 0.685689 0.142004  0.514612 0.296822 1 1 1.000000
no_material
0  -0.121441 0.020455 0.070759  -0.713908 0.685689 0.142004  0.514612 0.296822 1 1 1.000000
0  -0.118074 0.020455 0.081860  -0.672469 0.685710 0.278544  0.528269 0.341844 1 1 1.000000
0  -0.112605 0.020455 0.092091  -0.605219 0.685694 0.404393  0.550447 0.383337 1 1 1.000000
no_material
0  -0.112605 0.020455 0.092091  -0.605219 0.685694 0.404393  0.550447 0.383337 1 1 1.000000
0  -0.105246 0.020455 0.101059  -0.514690 0.685704 0.514689  0.580294 0.419706 1 1 1.000000
0  -0.074946 0.020455 0.117254  -0.142011 0.685664 0.713931  0.703178 0.485388 1 1 1.000000
no_material
0  -0.105246 0.020455 0.101059  -0.514690 0.685704 0.514689  0.580294 0.419706 1 1 1.000000
0  -0.096278 0.020455 0.108418  -0.404389 0.685707 0.605207  0.616663 0.449553 1 1 1.000000
0  -0.074946 0.020455 0.117254  -0.142011 0.685664 0.713931  0.703178 0.485388 1 1 1.000000
no_material
0  -0.096278 0.020455 0.108418  -0.404389 0.685707 0.605207  0.616663 0.449553 1 1 1.000000
0  -0.086048 0.020455 0.113887  -0.278548 0.685710 0.672468  0.658156 0.471731 1 1 1.000000
0  -0.074946 0.020455 0.117254  -0.142011 0.685664 0.713931  0.703178 0.485388 1 1 1.000000
no_material
0  -0.074946 0.020455 0.117254  -0.142011 0.685664 0.713931  0.703178 0.485388 1 1 1.000000
0  -0.051857 0.020455 0.117254  0.142001 0.685703 0.713896  0.796822 0.485388 1 1 1.000000
0  -0.030525 0.020455 0.108418  0.404393 0.685693 0.605220  0.883337 0.449553 1 1 1.000000
no_material
0  -0.051857 0.020455 0.001175  0.142010 0.685670 -0.713925  0.796822 0.014612 1 1 1.000000
0  -0.074946 0.020455 0.001175  -0.142001 0.685703 -0.713896  0.703178 0.014612 1 1 1.000000
0  -0.096278 0.020455 0.010011  -0.404391 0.685697 -0.605217  0.616663 0.050447 1 1 1.000000
no_material
0  -0.121441 0.020455 0.047670  -0.713897 0.685701 -0.142005  0.514612 0.203178 1 1 1.000000
0  -0.121441 0.020455 0.070759  -0.713908 0.685689 0.142004  0.514612 0.296822 1 1 1.000000
0  -0.074946 0.020455 0.117254  -0.142011 0.685664 0.713931  0.703178 0.485388 1 1 1.000000
no_material
0  -0.121441 0.020455 0.070759  -0.713908 0.685689 0.142004  0.514612 0.296822 1 1 1.000000
0  -0.112605 0.020455 0.092091  -0.605219 0.685694 0.404393  0.550447 0.383337 1 1 1.000000
0  -0.074946 0.020455 0.117254  -0.142011 0.685664 0.713931  0.703178 0.485388 1 1 1.000000
no_material
0  -0.074946 0.020455 0.117254  -0.142011 0.685664 0.713931  0.703178 0.485388 1 1 1.000000
0  -0.030525 0.020455 0.108418  0.404393 0.685693 0.605220  0.883337 0.449553 1 1 1.000000
0  -0.051857 0.020455 0.001175  0.142010 0.685670 -0.713925  0.796822 0.014612 1 1 1.000000
no_material
0  -0.030525 0.020455 0.108418  0.404393 0.685693 0.605220  0.883337 0.449553 1 1 1.000000
0  -0.005362 0.020455 0.070759  0.713902 0.685695 0.142005  0.985388 0.296822 1 1 1.000000
0  -0.051857 0.020455 0.001175  0.142010 0.685670 -0.713925  0.796822 0.014612 1 1 1.000000
no_material
0  -0.005362 0.020455 0.070759  0.713902 0.685695 0.142005  0.985388 0.296822 1 1 1.000000
0  -0.014198 0.020455 0.026338  0.605227 0.685685 -0.404398  0.949553 0.116663 1 1 1.000000
0  -0.051857 0.020455 0.001175  0.142010 0.685670 -0.713925  0.796822 0.014612 1 1 1.000000
no_material
0  -0.051857 0.020455 0.001175  0.142010 0.685670 -0.713925  0.796822 0.014612 1 1 1.000000
0  -0.096278 0.020455 0.010011  -0.404391 0.685697 -0.605217  0.616663 0.050447 1 1 1.000000
0  -0.074946 0.020455 0.117254  -0.142011 0.685664 0.713931  0.703178 0.485388 1 1 1.000000
no_material
0  -0.188497 0.020455 0.118391  -0.000001 0.685710 0.727875  1.000000 0.500000 1 1 1.000000
0  -0.188497 -0.020455 0.118391  0.000001 -0.685689 0.727894  1.000000 1.000000 1 1 1.000000
0  -0.176952 -0.020455 0.117254  0.142003 -0.685710 0.713889  0.968750 1.000000 1 1 1.000000
no_material
0  -0.176952 0.020455 0.117254  0.142001 0.685703 0.713896  0.968750 0.500000 1 1 1.000000
0  -0.176952 -0.020455 0.117254  0.142003 -0.685710 0.713889  0.968750 1.000000 1 1 1.000000
0  -0.165851 -0.020455 0.113887  0.278557 -0.685686 0.672489  0.937500 1.000000 1 1 1.000000
no_material
0  -0.165851 0.020455 0.113887  0.278544 0.685710 0.672469  0.937500 0.500000 1 1 1.000000
0  -0.165851 -0.020455 0.113887  0.278557 -0.685686 0.672489  0.937500 1.000000 1 1 1.000000
0  -0.155620 -0.020455 0.108418  0.404391 -0.685704 0.605210  0.906250 1.000000 1 1 1.000000
no_material
0  -0.155620 0.020455 0.108418  0.404397 0.685686 0.605225  0.906250 0.500000 1 1 1.000000
0  -0.155620 -0.020455 0.108418  0.404391 -0.685704 0.605210  0.906250 1.000000 1 1 1.000000
0  -0.146653 -0.020455 0.101059  0.514688 -0.685707 0.514686  0.875000 1.000000 1 1 1.000000
no_material
0  -0.146653 0.020455 0.101059  0.514688 0.685704 0.514691  0.875000 0.500000 1 1 1.000000
0  -0.146653 -0.020455 0.101059  0.514688 -0.685707 0.514686  0.875000 1.000000 1 1 1.000000
0  -0.139294 -0.020455 0.092091  0.605206 -0.685710 0.404384  0.843750 1.000000 1 1 1.000000
no_material
0  -0.139294 0.020455 0.092091  0.605207 0.685707 0.404388  0.843750 0.500000 1 1 1.000000
0  -0.139294 -0.020455 0.092091  0.605206 -0.685710 0.404384  0.843750 1.000000 1 1 1.000000
0  -0.133825 -0.020455 0.081860  0.672487 -0.685690 0.278551  0.812500 1.000000 1 1 1.000000
no_material
0  -0.133825 0.020455 0.081860  0.672468 0.685710 0.278547  0.812500 0.500000 1 1 1.000000
0  -0.133825 -0.020455 0.081860  0.672487 -0.685690 0.278551  0.812500 1.000000 1 1 1.000000
0  -0.130458 -0.020455 0.070759  0.713889 -0.685710 0.141999  0.781250 1.000000 1 1 1.000000
no_material
0  -0.130458 0.020455 0.070759  0.713915 0.685682 0.142007  0.781250 0.500000 1 1 1.000000
0  -0.130458 -0.020455 0.070759  0.713889 -0.685710 0.141999  0.781250 1.000000 1 1 1.000000
0  -0.129321 -0.020455 0.059214  0.727894 -0.685690 -0.000002  0.750000 1.000000 1 1 1.000000
no_material
0  -0.129321 0.020455 0.059214  0.727881 0.685704 0.000002  0.750000 0.500000 1 1 1.000000
0  -0.129321 -0.020455 0.059214  0.727894 -0.685690 -0.000002  0.750000 1.000000 1 1 1.000000
0  -0.130458 -0.020455 0.047670  0.713889 -0.685710 -0.142002  0.718750 1.000000 1 1 1.000000
no_material
0  -0.130458 0.020455 0.047670  0.713892 0.685707 -0.142000  0.718750 0.500000 1 1 1.000000
0  -0.130458 -0.020455 0.047670  0.713889 -0.685710 -0.142002  0.718750 1.000000 1 1 1.000000
0  -0.133825 -0.020455 0.036568  0.672474 -0.685703 -0.278550  0.687500 1.000000 1 1 1.000000
no_material
0  -0.133825 0.020455 0.036568  0.672470 0.685709 -0.278545  0.687500 0.500000 1 1 1.000000
0  -0.133825 -0.020455 0.036568  0.672474 -0.685703 -0.278550  0.687500 1.000000 1 1 1.000000
0  -0.139294 -0.020455 0.026338  0.605205 -0.685709 -0.404388  0.656250 1.000000 1 1 1.000000
no_material
0  -0.139294 0.020455 0.026338  0.605226 0.685685 -0.404398  0.656250 0.500000 1 1 1.000000
0  -0.139294 -0.020455 0.026338  0.605205 -0.685709 -0.404388  0.656250 1.000000 1 1 1.000000
0  -0.146653 -0.020455 0.017370  0.514698 -0.685690 -0.514700  0.625000 1.000000 1 1 1.000000
no_material
0  -0.146653 0.020455 0.017370  0.514691 0.685704 -0.514688  0.625000 0.500000 1 1 1.000000
0  -0.146653 -0.020455 0.017370  0.514698 -0.685690 -0.514700  0.625000 1.000000 1 1 1.000000
0  -0.155620 -0.020455 0.010011  0.404384 -0.685710 -0.605207  0.593750 1.000000 1 1 1.000000
no_material
0  -0.155620 0.020455 0.010011  0.404389 0.685707 -0.605207  0.593750 0.500000 1 1 1.000000
0  -0.155620 -0.020455 0.010011  0.404384 -0.685710 -0.605207  0.593750 1.000000 1 1 1.000000
0  -0.165851 -0.020455 0.004542  0.278551 -0.685691 -0.672486  0.562500 1.000000 1 1 1.000000
no_material
0  -0.165851 0.020455 0.004542  0.278547 0.685710 -0.672468  0.562500 0.500000 1 1 1.000000
0  -0.165851 -0.020455 0.004542  0.278551 -0.685691 -0.672486  0.562500 1.000000 1 1 1.000000
0  -0.176952 -0.020455 0.001175  0.141999 -0.685710 -0.713890  0.531250 1.000000 1 1 1.000000
no_material
0  -0.176952 0.020455 0.001175  0.142008 0.685684 -0.713913  0.531250 0.500000 1 1 1.000000
0  -0.176952 -0.020455 0.001175  0.141999 -0.685710 -0.713890  0.531250 1.000000 1 1 1.000000
0  -0.188497 -0.020455 0.000038  -0.000002 -0.685707 -0.727877  0.500000 1.000000 1 1 1.000000
no_material
0  -0.188497 0.020455 0.000038  0.000002 0.685710 -0.727875  0.500000 0.500000 1 1 1.000000
0  -0.188497 -0.020455 0.000038  -0.000002 -0.685707 -0.727877  0.500000 1.000000 1 1 1.000000
0  -0.200042 -0.020455 0.001175  -0.142004 -0.685704 -0.713895  0.468750 1.000000 1 1 1.000000
no_material
0  -0.200042 0.020455 0.001175  -0.142001 0.685703 -0.713896  0.468750 0.500000 1 1 1.000000
0  -0.200042 -0.020455 0.001175  -0.142004 -0.685704 -0.713895  0.468750 1.000000 1 1 1.000000
0  -0.211143 -0.020455 0.004542  -0.278557 -0.685684 -0.672491  0.437500 1.000000 1 1 1.000000
no_material
0  -0.211143 0.020455 0.004542  -0.278544 0.685710 -0.672469  0.437500 0.500000 1 1 1.000000
0  -0.211143 -0.020455 0.004542  -0.278557 -0.685684 -0.672491  0.437500 1.000000 1 1 1.000000
0  -0.221374 -0.020455 0.010011  -0.404391 -0.685704 -0.605210  0.406250 1.000000 1 1 1.000000
no_material
0  -0.221374 0.020455 0.010011  -0.404391 0.685697 -0.605217  0.406250 0.500000 1 1 1.000000
0  -0.221374 -0.020455 0.010011  -0.404391 -0.685704 -0.605210  0.406250 1.000000 1 1 1.000000
0  -0.230341 -0.020455 0.017370  -0.514688 -0.685707 -0.514686  0.375000 1.000000 1 1 1.000000
no_material
0  -0.230341 0.020455 0.017370  -0.514688 0.685704 -0.514691  0.375000 0.500000 1 1 1.000000
0  -0.230341 -0.020455 0.017370  -0.514688 -0.685707 -0.514686  0.375000 1.000000 1 1 1.000000
0  -0.237701 -0.020455 0.026338  -0.605207 -0.685710 -0.404385  0.343750 1.000000 1 1 1.000000
no_material
0  -0.237701 0.020455 0.026338  -0.605207 0.685707 -0.404389  0.343750 0.500000 1 1 1.000000
0  -0.237701 -0.020455 0.026338  -0.605207 -0.685710 -0.404385  0.343750 1.000000 1 1 1.000000
0  -0.243169 -0.020455 0.036568  -0.672482 -0.685695 -0.278549  0.312500 1.000000 1 1 1.000000
no_material
0  -0.243169 0.020455 0.036568  -0.672468 0.685710 -0.278548  0.312500 0.500000 1 1 1.000000
0  -0.243169 -0.020455 0.036568  -0.672482 -0.685695 -0.278549  0.312500 1.000000 1 1 1.000000
0  -0.246537 -0.020455 0.047670  -0.713895 -0.685704 -0.142001  0.281250 1.000000 1 1 1.000000
no_material
0  -0.246537 0.020455 0.047670  -0.713897 0.685701 -0.142005  0.281250 0.500000 1 1 1.000000
0  -0.246537 -0.020455 0.047670  -0.713895 -0.685704 -0.142001  0.281250 1.000000 1 1 1.000000
0  -0.247674 -0.020455 0.059214  -0.727878 -0.685707 0.000002  0.250000 1.000000 1 1 1.000000
no_material
0  -0.247674 0.020455 0.059214  -0.727875 0.685710 -0.000002  0.250000 0.500000 1 1 1.000000
0  -0.247674 -0.020455 0.059214  -0.727878 -0.685707 0.000002  0.250000 1.000000 1 1 1.000000
0  -0.246537 -0.020455 0.070759  -0.713888 -0.685711 0.142003  0.218750 1.000000 1 1 1.000000
no_material
0  -0.246537 0.020455 0.070759  -0.713908 0.685689 0.142004  0.218750 0.500000 1 1 1.000000
0  -0.246537 -0.020455 0.070759  -0.713888 -0.685711 0.142003  0.218750 1.000000 1 1 1.000000
0  -0.243169 -0.020455 0.081860  -0.672493 -0.685681 0.278558  0.187500 1.000000 1 1 1.000000
no_material
0  -0.243169 0.020455 0.081860  -0.672469 0.685710 0.278544  0.187500 0.500000 1 1 1.000000
0  -0.243169 -0.020455 0.081860  -0.672493 -0.685681 0.278558  0.187500 1.000000 1 1 1.000000
0  -0.237701 -0.020455 0.092091  -0.605205 -0.685710 0.404387  0.156250 1.000000 1 1 1.000000
no_material
0  -0.237701 0.020455 0.092091  -0.605219 0.685694 0.404393  0.156250 0.500000 1 1 1.000000
0  -0.237701 -0.020455 0.092091  -0.605205 -0.685710 0.404387  0.156250 1.000000 1 1 1.000000
0  -0.230341 -0.020455 0.101059  -0.514686 -0.685707 0.514689  0.125000 1.000000 1 1 1.000000
no_material
0  -0.230341 0.020455 0.101059  -0.514690 0.685704 0.514689  0.125000 0.500000 1 1 1.000000
0  -0.230341 -0.020455 0.101059  -0.514686 -0.685707 0.514689  0.125000 1.000000 1 1 1.000000
0  -0.221374 -0.020455 0.108418  -0.404388 -0.685704 0.605212  0.093750 1.000000 1 1 1.000000
no_material
0  -0.221374 0.020455 0.108418  -0.404389 0.685707 0.605207  0.093750 0.500000 1 1 1.000000
0  -0.221374 -0.020455 0.108418  -0.404388 -0.685704 0.605212  0.093750 1.000000 1 1 1.000000
0  -0.211143 -0.020455 0.113887  -0.278550 -0.685694 0.672484  0.062500 1.000000 1 1 1.000000
no_material
0  -0.165851 -0.020455 0.113887  0.278557 -0.685686 0.672489  0.341844 0.471731 1 1 1.000000
0  -0.176952 -0.020455 0.117254  0.142003 -0.685710 0.713889  0.296822 0.485388 1 1 1.000000
0  -0.188497 -0.020455 0.118391  0.000001 -0.685689 0.727894  0.250000 0.490000 1 1 1.000000
no_material
0  -0.188497 -0.020455 0.118391  0.000001 -0.685689 0.727894  0.250000 0.490000 1 1 1.000000
0  -0.200042 -0.020455 0.117254  -0.142000 -0.685710 0.713889  0.203178 0.485388 1 1 1.000000
0  -0.211143 -0.020455 0.113887  -0.278550 -0.685694 0.672484  0.158156 0.471731 1 1 1.000000
no_material
0  -0.211143 -0.020455 0.113887  -0.278550 -0.685694 0.672484  0.158156 0.471731 1 1 1.000000
0  -0.221374 -0.020455 0.108418  -0.404388 -0.685704 0.605212  0.116663 0.449553 1 1 1.000000
0  -0.243169 -0.020455 0.081860  -0.672493 -0.685681 0.278558  0.028269 0.341844 1 1 1.000000
no_material
0  -0.221374 -0.020455 0.108418  -0.404388 -0.685704 0.605212  0.116663 0.449553 1 1 1.000000
0  -0.230341 -0.020455 0.101059  -0.514686 -0.685707 0.514689  0.080294 0.419706 1 1 1.000000
0  -0.243169 -0.020455 0.081860  -0.672493 -0.685681 0.278558  0.028269 0.341844 1 1 1.000000
no_material
0  -0.230341 -0.020455 0.101059  -0.514686 -0.685707 0.514689  0.080294 0.419706 1 1 1.000000
0  -0.237701 -0.020455 0.092091  -0.605205 -0.685710 0.404387  0.050447 0.383337 1 1 1.000000
0  -0.243169 -0.020455 0.081860  -0.672493 -0.685681 0.278558  0.028269 0.341844 1 1 1.000000
no_material
0  -0.243169 -0.020455 0.081860  -0.672493 -0.685681 0.278558  0.028269 0.341844 1 1 1.000000
0  -0.246537 -0.020455 0.070759  -0.713888 -0.685711 0.142003  0.014612 0.296822 1 1 1.000000
0  -0.247674 -0.020455 0.059214  -0.727878 -0.685707 0.000002  0.010000 0.250000 1 1 1.000000
no_material
0  -0.247674 -0.020455 0.059214  -0.727878 -0.685707 0.000002  0.010000 0.250000 1 1 1.000000
0  -0.246537 -0.020455 0.047670  -0.713895 -0.685704 -0.142001  0.014612 0.203178 1 1 1.000000
0  -0.243169 -0.020455 0.081860  -0.672493 -0.685681 0.278558  0.028269 0.341844 1 1 1.000000
no_material
0  -0.246537 -0.020455 0.047670  -0.713895 -0.685704 -0.142001  0.014612 0.203178 1 1 1.000000
0  -0.243169 -0.020455 0.036568  -0.672482 -0.685695 -0.278549  0.028269 0.158156 1 1 1.000000
0  -0.243169 -0.020455 0.081860  -0.672493 -0.685681 0.278558  0.028269 0.341844 1 1 1.000000
no_material
0  -0.243169 -0.020455 0.036568  -0.672482 -0.685695 -0.278549  0.028269 0.158156 1 1 1.000000
0  -0.237701 -0.020455 0.026338  -0.605207 -0.685710 -0.404385  0.050447 0.116663 1 1 1.000000
0  -0.230341 -0.020455 0.017370  -0.514688 -0.685707 -0.514686  0.080294 0.080294 1 1 1.000000
no_material
0  -0.230341 -0.020455 0.017370  -0.514688 -0.685707 -0.514686  0.080294 0.080294 1 1 1.000000
0  -0.221374 -0.020455 0.010011  -0.404391 -0.685704 -0.605210  0.116663 0.050447 1 1 1.000000
0  -0.243169 -0.020455 0.036568  -0.672482 -0.685695 -0.278549  0.028269 0.158156 1 1 1.000000
no_material
0  -0.221374 -0.020455 0.010011  -0.404391 -0.685704 -0.605210  0.116663 0.050447 1 1 1.000000
0  -0.211143 -0.020455 0.004542  -0.278557 -0.685684 -0.672491  0.158156 0.028269 1 1 1.000000
0  -0.243169 -0.020455 0.036568  -0.672482 -0.685695 -0.278549  0.028269 0.158156 1 1 1.000000
no_material
0  -0.211143 -0.020455 0.004542  -0.278557 -0.685684 -0.672491  0.158156 0.028269 1 1 1.000000
0  -0.200042 -0.020455 0.001175  -0.142004 -0.685704 -0.713895  0.203178 0.014612 1 1 1.000000
0  -0.165851 -0.020455 0.004542  0.278551 -0.685691 -0.672486  0.341844 0.028269 1 1 1.000000
no_material
0  -0.200042 -0.020455 0.001175  -0.142004 -0.685704 -0.713895  0.203178 0.014612 1 1 1.000000
0  -0.188497 -0.020455 0.000038  -0.000002 -0.685707 -0.727877  0.250000 0.010000 1 1 1.000000
0  -0.165851 -0.020455 0.004542  0.278551 -0.685691 -0.672486  0.341844 0.028269 1 1 1.000000
no_material
0  -0.188497 -0.020455 0.000038  -0.000002 -0.685707 -0.727877  0.250000 0.010000 1 1 1.000000
0  -0.176952 -0.020455 0.001175  0.141999 -0.685710 -0.713890  0.296822 0.014612 1 1 1.000000
0  -0.165851 -0.020455 0.004542  0.278551 -0.685691 -0.672486  0.341844 0.028269 1 1 1.000000
no_material
0  -0.165851 -0.020455 0.004542  0.278551 -0.685691 -0.672486  0.341844 0.028269 1 1 1.000000
0  -0.155620 -0.020455 0.010011  0.404384 -0.685710 -0.605207  0.383337 0.050447 1 1 1.000000
0  -0.146653 -0.020455 0.017370  0.514698 -0.685690 -0.514700  0.419706 0.080294 1 1 1.000000
no_material
0  -0.146653 -0.020455 0.017370  0.514698 -0.685690 -0.514700  0.419706 0.080294 1 1 1.000000
0  -0.139294 -0.020455 0.026338  0.605205 -0.685709 -0.404388  0.449553 0.116663 1 1 1.000000
0  -0.133825 -0.020455 0.036568  0.672474 -0.685703 -0.278550  0.471731 0.158156 1 1 1.000000
no_material
0  -0.133825 -0.020455 0.036568  0.672474 -0.685703 -0.278550  0.471731 0.158156 1 1 1.000000
0  -0.130458 -0.020455 0.047670  0.713889 -0.685710 -0.142002  0.485388 0.203178 1 1 1.000000
0  -0.129321 -0.020455 0.059214  0.727894 -0.685690 -0.000002  0.490000 0.250000 1 1 1.000000
no_material
0  -0.129321 -0.020455 0.059214  0.727894 -0.685690 -0.000002  0.490000 0.250000 1 1 1.000000
0  -0.130458 -0.020455 0.070759  0.713889 -0.685710 0.141999  0.485388 0.296822 1 1 1.000000
0  -0.133825 -0.020455 0.081860  0.672487 -0.685690 0.278551  0.471731 0.341844 1 1 1.000000
no_material
0  -0.133825 -0.020455 0.081860  0.672487 -0.685690 0.278551  0.471731 0.341844 1 1 1.000000
0  -0.139294 -0.020455 0.092091  0.605206 -0.685710 0.404384  0.449553 0.383337 1 1 1.000000
0  -0.146653 -0.020455 0.101059  0.514688 -0.685707 0.514686  0.419706 0.419706 1 1 1.000000
no_material
0  -0.146653 -0.020455 0.101059  0.514688 -0.685707 0.514686  0.419706 0.419706 1 1 1.000000
0  -0.155620 -0.020455 0.108418  0.404391 -0.685704 0.605210  0.383337 0.449553 1 1 1.000000
0  -0.133825 -0.020455 0.081860  0.672487 -0.685690 0.278551  0.471731 0.341844 1 1 1.000000
no_material
0  -0.155620 -0.020455 0.108418  0.404391 -0.685704 0.605210  0.383337 0.449553 1 1 1.000000
0  -0.165851 -0.020455 0.113887  0.278557 -0.685686 0.672489  0.341844 0.471731 1 1 1.000000
0  -0.133825 -0.020455 0.081860  0.672487 -0.685690 0.278551  0.471731 0.341844 1 1 1.000000
no_material
0  -0.165851 -0.020455 0.113887  0.278557 -0.685686 0.672489  0.341844 0.471731 1 1 1.000000
0  -0.188497 -0.020455 0.118391  0.000001 -0.685689 0.727894  0.250000 0.490000 1 1 1.000000
0  -0.243169 -0.020455 0.081860  -0.672493 -0.685681 0.278558  0.028269 0.341844 1 1 1.000000
no_material
0  -0.188497 -0.020455 0.118391  0.000001 -0.685689 0.727894  0.250000 0.490000 1 1 1.000000
0  -0.211143 -0.020455 0.113887  -0.278550 -0.685694 0.672484  0.158156 0.471731 1 1 1.000000
0  -0.243169 -0.020455 0.081860  -0.672493 -0.685681 0.278558  0.028269 0.341844 1 1 1.000000
no_material
0  -0.165851 -0.020455 0.004542  0.278551 -0.685691 -0.672486  0.341844 0.028269 1 1 1.000000
0  -0.146653 -0.020455 0.017370  0.514698 -0.685690 -0.514700  0.419706 0.080294 1 1 1.000000
0  -0.211143 -0.020455 0.004542  -0.278557 -0.685684 -0.672491  0.158156 0.028269 1 1 1.000000
no_material
0  -0.146653 -0.020455 0.017370  0.514698 -0.685690 -0.514700  0.419706 0.080294 1 1 1.000000
0  -0.133825 -0.020455 0.036568  0.672474 -0.685703 -0.278550  0.471731 0.158156 1 1 1.000000
0  -0.211143 -0.020455 0.004542  -0.278557 -0.685684 -0.672491  0.158156 0.028269 1 1 1.000000
no_material
0  -0.133825 -0.020455 0.036568  0.672474 -0.685703 -0.278550  0.471731 0.158156 1 1 1.000000
0  -0.129321 -0.020455 0.059214  0.727894 -0.685690 -0.000002  0.490000 0.250000 1 1 1.000000
0  -0.165851 -0.020455 0.113887  0.278557 -0.685686 0.672489  0.341844 0.471731 1 1 1.000000
no_material
0  -0.129321 -0.020455 0.059214  0.727894 -0.685690 -0.000002  0.490000 0.250000 1 1 1.000000
0  -0.133825 -0.020455 0.081860  0.672487 -0.685690 0.278551  0.471731 0.341844 1 1 1.000000
0  -0.165851 -0.020455 0.113887  0.278557 -0.685686 0.672489  0.341844 0.471731 1 1 1.000000
no_material
0  -0.243169 -0.020455 0.081860  -0.672493 -0.685681 0.278558  0.028269 0.341844 1 1 1.000000
0  -0.243169 -0.020455 0.036568  -0.672482 -0.685695 -0.278549  0.028269 0.158156 1 1 1.000000
0  -0.165851 -0.020455 0.113887  0.278557 -0.685686 0.672489  0.341844 0.471731 1 1 1.000000
no_material
0  -0.243169 -0.020455 0.036568  -0.672482 -0.685695 -0.278549  0.028269 0.158156 1 1 1.000000
0  -0.211143 -0.020455 0.004542  -0.278557 -0.685684 -0.672491  0.158156 0.028269 1 1 1.000000
0  -0.165851 -0.020455 0.113887  0.278557 -0.685686 0.672489  0.341844 0.471731 1 1 1.000000
no_material
0  -0.211143 0.020455 0.113887  -0.278548 0.685710 0.672468  0.062500 0.500000 1 1 1.000000
0  -0.211143 -0.020455 0.113887  -0.278550 -0.685694 0.672484  0.062500 1.000000 1 1 1.000000
0  -0.200042 -0.020455 0.117254  -0.142000 -0.685710 0.713889  0.031250 1.000000 1 1 1.000000
no_material
0  -0.200042 0.020455 0.117254  -0.142010 0.685671 0.713925  0.031250 0.500000 1 1 1.000000
0  -0.200042 -0.020455 0.117254  -0.142000 -0.685710 0.713889  0.031250 1.000000 1 1 1.000000
0  -0.188497 -0.020455 0.118391  0.000001 -0.685689 0.727894  0.000000 1.000000 1 1 1.000000
no_material
0  -0.200042 0.020455 0.117254  -0.142010 0.685671 0.713925  0.703178 0.485388 1 1 1.000000
0  -0.188497 0.020455 0.118391  -0.000001 0.685710 0.727875  0.750000 0.490000 1 1 1.000000
0  -0.176952 0.020455 0.117254  0.142001 0.685703 0.713896  0.796822 0.485388 1 1 1.000000
no_material
0  -0.176952 0.020455 0.117254  0.142001 0.685703 0.713896  0.796822 0.485388 1 1 1.000000
0  -0.165851 0.020455 0.113887  0.278544 0.685710 0.672469  0.841844 0.471731 1 1 1.000000
0  -0.155620 0.020455 0.108418  0.404397 0.685686 0.605225  0.883337 0.449553 1 1 1.000000
no_material
0  -0.155620 0.020455 0.108418  0.404397 0.685686 0.605225  0.883337 0.449553 1 1 1.000000
0  -0.146653 0.020455 0.101059  0.514688 0.685704 0.514691  0.919706 0.419706 1 1 1.000000
0  -0.130458 0.020455 0.070759  0.713915 0.685682 0.142007  0.985388 0.296822 1 1 1.000000
no_material
0  -0.146653 0.020455 0.101059  0.514688 0.685704 0.514691  0.919706 0.419706 1 1 1.000000
0  -0.139294 0.020455 0.092091  0.605207 0.685707 0.404388  0.949553 0.383337 1 1 1.000000
0  -0.130458 0.020455 0.070759  0.713915 0.685682 0.142007  0.985388 0.296822 1 1 1.000000
no_material
0  -0.139294 0.020455 0.092091  0.605207 0.685707 0.404388  0.949553 0.383337 1 1 1.000000
0  -0.133825 0.020455 0.081860  0.672468 0.685710 0.278547  0.971731 0.341844 1 1 1.000000
0  -0.130458 0.020455 0.070759  0.713915 0.685682 0.142007  0.985388 0.296822 1 1 1.000000
no_material
0  -0.130458 0.020455 0.070759  0.713915 0.685682 0.142007  0.985388 0.296822 1 1 1.000000
0  -0.129321 0.020455 0.059214  0.727881 0.685704 0.000002  0.990000 0.250000 1 1 1.000000
0  -0.139294 0.020455 0.026338  0.605226 0.685685 -0.404398  0.949553 0.116663 1 1 1.000000
no_material
0  -0.129321 0.020455 0.059214  0.727881 0.685704 0.000002  0.990000 0.250000 1 1 1.000000
0  -0.130458 0.020455 0.047670  0.713892 0.685707 -0.142000  0.985388 0.203178 1 1 1.000000
0  -0.139294 0.020455 0.026338  0.605226 0.685685 -0.404398  0.949553 0.116663 1 1 1.000000
no_material
0  -0.130458 0.020455 0.047670  0.713892 0.685707 -0.142000  0.985388 0.203178 1 1 1.000000
0  -0.133825 0.020455 0.036568  0.672470 0.685709 -0.278545  0.971731 0.158156 1 1 1.000000
0  -0.139294 0.020455 0.026338  0.605226 0.685685 -0.404398  0.949553 0.116663 1 1 1.000000
no_material
0  -0.139294 0.020455 0.026338  0.605226 0.685685 -0.404398  0.949553 0.116663 1 1 1.000000
0  -0.146653 0.020455 0.017370  0.514691 0.685704 -0.514688  0.919706 0.080294 1 1 1.000000
0  -0.176952 0.020455 0.001175  0.142008 0.685684 -0.713913  0.796822 0.014612 1 1 1.000000
no_material
0  -0.146653 0.020455 0.017370  0.514691 0.685704 -0.514688  0.919706 0.080294 1 1 1.000000
0  -0.155620 0.020455 0.010011  0.404389 0.685707 -0.605207  0.883337 0.050447 1 1 1.000000
0  -0.176952 0.020455 0.001175  0.142008 0.685684 -0.713913  0.796822 0.014612 1 1 1.000000
no_material
0  -0.155620 0.020455 0.010011  0.404389 0.685707 -0.605207  0.883337 0.050447 1 1 1.000000
0  -0.165851 0.020455 0.004542  0.278547 0.685710 -0.672468  0.841844 0.028269 1 1 1.000000
0  -0.176952 0.020455 0.001175  0.142008 0.685684 -0.713913  0.796822 0.014612 1 1 1.000000
no_material
0  -0.176952 0.020455 0.001175  0.142008 0.685684 -0.713913  0.796822 0.014612 1 1 1.000000
0  -0.188497 0.020455 0.000038  0.000002 0.685710 -0.727875  0.750000 0.010000 1 1 1.000000
0  -0.200042 0.020455 0.001175  -0.142001 0.685703 -0.713896  0.703178 0.014612 1 1 1.000000
no_material
0  -0.200042 0.020455 0.001175  -0.142001 0.685703 -0.713896  0.703178 0.014612 1 1 1.000000
0  -0.211143 0.020455 0.004542  -0.278544 0.685710 -0.672469  0.658156 0.028269 1 1 1.000000
0  -0.221374 0.020455 0.010011  -0.404391 0.685697 -0.605217  0.616663 0.050447 1 1 1.000000
no_material
0  -0.221374 0.020455 0.010011  -0.404391 0.685697 -0.605217  0.616663 0.050447 1 1 1.000000
0  -0.230341 0.020455 0.017370  -0.514688 0.685704 -0.514691  0.580294 0.080294 1 1 1.000000
0  -0.246537 0.020455 0.047670  -0.713897 0.685701 -0.142005  0.514612 0.203178 1 1 1.000000
no_material
0  -0.230341 0.020455 0.017370  -0.514688 0.685704 -0.514691  0.580294 0.080294 1 1 1.000000
0  -0.237701 0.020455 0.026338  -0.605207 0.685707 -0.404389  0.550447 0.116663 1 1 1.000000
0  -0.246537 0.020455 0.047670  -0.713897 0.685701 -0.142005  0.514612 0.203178 1 1 1.000000
no_material
0  -0.237701 0.020455 0.026338  -0.605207 0.685707 -0.404389  0.550447 0.116663 1 1 1.000000
0  -0.243169 0.020455 0.036568  -0.672468 0.685710 -0.278548  0.528269 0.158156 1 1 1.000000
0  -0.246537 0.020455 0.047670  -0.713897 0.685701 -0.142005  0.514612 0.203178 1 1 1.000000
no_material
0  -0.246537 0.020455 0.047670  -0.713897 0.685701 -0.142005  0.514612 0.203178 1 1 1.000000
0  -0.247674 0.020455 0.059214  -0.727875 0.685710 -0.000002  0.510000 0.250000 1 1 1.000000
0  -0.246537 0.020455 0.070759  -0.713908 0.685689 0.142004  0.514612 0.296822 1 1 1.000000
no_material
0  -0.246537 0.020455 0.070759  -0.713908 0.685689 0.142004  0.514612 0.296822 1 1 1.000000
0  -0.243169 0.020455 0.081860  -0.672469 0.685710 0.278544  0.528269 0.341844 1 1 1.000000
0  -0.237701 0.020455 0.092091  -0.605219 0.685694 0.404393  0.550447 0.383337 1 1 1.000000
no_material
0  -0.237701 0.020455 0.092091  -0.605219 0.685694 0.404393  0.550447 0.383337 1 1 1.000000
0  -0.230341 0.020455 0.101059  -0.514690 0.685704 0.514689  0.580294 0.419706 1 1 1.000000
0  -0.200042 0.020455 0.117254  -0.142010 0.685671 0.713925  0.703178 0.485388 1 1 1.000000
no_material
0  -0.230341 0.020455 0.101059  -0.514690 0.685704 0.514689  0.580294 0.419706 1 1 1.000000
0  -0.221374 0.020455 0.108418  -0.404389 0.685707 0.605207  0.616663 0.449553 1 1 1.000000
0  -0.200042 0.020455 0.117254  -0.142010 0.685671 0.713925  0.703178 0.485388 1 1 1.000000
no_material
0  -0.221374 0.020455 0.108418  -0.404389 0.685707 0.605207  0.616663 0.449553 1 1 1.000000
0  -0.211143 0.020455 0.113887  -0.278548 0.685710 0.672468  0.658156 0.471731 1 1 1.000000
0  -0.200042 0.020455 0.117254  -0.142010 0.685671 0.713925  0.703178 0.485388 1 1 1.000000
no_material
0  -0.200042 0.020455 0.117254  -0.142010 0.685671 0.713925  0.703178 0.485388 1 1 1.000000
0  -0.176952 0.020455 0.117254  0.142001 0.685703 0.713896  0.796822 0.485388 1 1 1.000000
0  -0.155620 0.020455 0.108418  0.404397 0.685686 0.605225  0.883337 0.449553 1 1 1.000000
no_material
0  -0.176952 0.020455 0.001175  0.142008 0.685684 -0.713913  0.796822 0.014612 1 1 1.000000
0  -0.200042 0.020455 0.001175  -0.142001 0.685703 -0.713896  0.703178 0.014612 1 1 1.000000
0  -0.221374 0.020455 0.010011  -0.404391 0.685697 -0.605217  0.616663 0.050447 1 1 1.000000
no_material
0  -0.246537 0.020455 0.047670  -0.713897 0.685701 -0.142005  0.514612 0.203178 1 1 1.000000
0  -0.246537 0.020455 0.070759  -0.713908 0.685689 0.142004  0.514612 0.296822 1 1 1.000000
0  -0.200042 0.020455 0.117254  -0.142010 0.685671 0.713925  0.703178 0.485388 1 1 1.000000
no_material
0  -0.246537 0.020455 0.070759  -0.713908 0.685689 0.142004  0.514612 0.296822 1 1 1.000000
0  -0.237701 0.020455 0.092091  -0.605219 0.685694 0.404393  0.550447 0.383337 1 1 1.000000
0  -0.200042 0.020455 0.117254  -0.142010 0.685671 0.713925  0.703178 0.485388 1 1 1.000000
no_material
0  -0.200042 0.020455 0.117254  -0.142010 0.685671 0.713925  0.703178 0.485388 1 1 1.000000
0  -0.155620 0.020455 0.108418  0.404397 0.685686 0.605225  0.883337 0.449553 1 1 1.000000
0  -0.130458 0.020455 0.070759  0.713915 0.685682 0.142007  0.985388 0.296822 1 1 1.000000
no_material
0  -0.130458 0.020455 0.070759  0.713915 0.685682 0.142007  0.985388 0.296822 1 1 1.000000
0  -0.139294 0.020455 0.026338  0.605226 0.685685 -0.404398  0.949553 0.116663 1 1 1.000000
0  -0.176952 0.020455 0.001175  0.142008 0.685684 -0.713913  0.796822 0.014612 1 1 1.000000
no_material
0  -0.176952 0.020455 0.001175  0.142008 0.685684 -0.713913  0.796822 0.014612 1 1 1.000000
0  -0.221374 0.020455 0.010011  -0.404391 0.685697 -0.605217  0.616663 0.050447 1 1 1.000000
0  -0.200042 0.020455 0.117254  -0.142010 0.685671 0.713925  0.703178 0.485388 1 1 1.000000
no_material
0  -0.221374 0.020455 0.010011  -0.404391 0.685697 -0.605217  0.616663 0.050447 1 1 1.000000
0  -0.246537 0.020455 0.047670  -0.713897 0.685701 -0.142005  0.514612 0.203178 1 1 1.000000
0  -0.200042 0.020455 0.117254  -0.142010 0.685671 0.713925  0.703178 0.485388 1 1 1.000000
end
